ID,Mobil01,Mobil02,Mobil03,Mobil04,Mobil05,Mobil06,Mobil07,Mobil08,Mobil09,Mobil10,Mobil11,Mobil12,Mobil13,Mobil14,Mobil15,Mobil16,Mobil17,Mobil18,Mobil19,Mobil20,Mobil21,Mobil22,Mobil23,Mobil24,Mobil25,Mobil26,Mobil27
10350017,5,3,4,5,3,1,1,1,5,6,5,1,5,1,5,1,5,5,5,1,5,1,5,5,5,5,5
10350075,4,4,3,5,3,4,4,3,5,2,4,2,5,5,4,3,4,5,4,1,4,4,4,2,4,2,4
10350085,5,1,3,4,4,5,5,1,2,4,5,1,5,5,3,5,4,6,6,6,5,1,5,3,1,6,1
10350086,4,2,3,4,3,5,2,1,3,3,5,2,5,4,3,5,3,3,3,2,4,1,2,2,2,2,2
10350100,6,2,3,4,2,5,4,2,4,6,4,1,2,4,4,4,2,5,2,1,4,2,4,1,3,2,1
10350120,3,3,4,4,2,4,3,2,4,3,4,1,4,-1,3,4,2,4,4,2,4,4,2,3,3,4,4
10350125,4,2,6,4,2,4,2,2,4,6,4,2,4,4,4,4,2,3,2,2,4,4,4,2,1,1,1
10350133,5,2,3,4,3,5,5,3,3,3,4,2,5,2,3,3,3,3,4,3,4,3,5,3,3,3,3
10350197,3,2,2,5,1,4,5,1,4,6,4,5,5,4,5,4,6,6,6,6,4,2,6,1,5,1,1
10350199,2,3,2,4,6,4,4,1,3,5,5,1,5,3,3,3,5,4,6,6,6,2,4,2,2,6,6
10350271,4,1,1,1,1,2,4,2,4,2,4,1,5,2,4,2,4,4,2,6,6,2,4,1,4,6,5
10350272,6,6,6,6,6,6,6,3,3,6,6,2,3,3,3,3,6,6,6,6,4,3,6,6,4,6,6
10359998,6,6,6,3,6,5,5,6,6,6,6,3,4,3,4,3,6,3,6,6,5,3,5,1,5,6,6
10360009,5,4,5,4,2,5,5,3,2,2,4,2,5,3,3,4,4,4,3,6,4,2,1,3,4,3,2
10360011,5,2,2,5,2,5,5,2,4,3,3,2,4,3,4,4,4,2,3,3,2,2,4,2,1,2,4
10360013,5,2,4,4,2,5,4,2,3,5,5,1,5,4,4,5,5,5,1,1,3,2,4,2,5,1,1
10360014,5,2,4,4,2,5,4,2,3,5,5,1,5,4,4,3,3,3,1,1,3,2,4,2,5,1,1
10360016,5,2,6,3,1,5,5,1,3,6,5,1,5,4,4,4,5,5,2,6,2,2,3,1,6,6,6
10360023,4,2,2,4,3,5,4,2,4,3,4,3,5,3,3,2,3,5,3,3,4,4,5,2,2,3,3
10360024,4,1,3,3,4,2,5,1,5,2,4,2,5,2,2,2,4,1,5,3,4,1,5,2,1,4,4
10360035,4,4,1,4,6,5,4,2,4,6,4,3,4,2,2,2,6,5,6,6,4,2,4,2,4,6,6
10360095,4,2,2,5,2,5,4,2,4,6,4,1,5,4,4,2,4,4,2,1,4,2,4,2,5,2,2
10360113,6,6,2,4,3,4,4,2,3,4,4,2,4,2,3,4,4,4,6,6,4,2,6,6,2,6,6
10360122,6,6,4,2,2,5,2,2,4,4,5,1,5,4,4,4,4,4,2,6,5,3,4,1,2,1,2
10360139,5,4,1,3,1,5,4,1,3,4,5,1,5,4,4,4,5,5,3,6,2,2,5,1,1,1,6
10360159,4,3,2,5,1,5,5,3,3,5,5,1,4,4,3,4,6,5,2,6,5,3,4,3,1,6,4
10360162,6,6,6,6,6,4,4,6,5,6,4,3,4,5,1,1,6,4,4,1,5,5,6,1,6,6,5
10360177,5,5,1,5,1,5,5,1,5,4,5,2,5,3,3,4,5,5,1,1,4,2,5,2,2,1,1
10360193,5,6,5,4,6,4,5,3,4,4,5,1,5,3,3,4,5,1,4,6,6,2,5,6,5,6,5
10360195,6,2,6,4,2,4,4,2,4,6,6,2,5,5,6,3,4,4,6,6,6,4,4,6,6,6,4
10360196,6,2,6,4,2,4,4,2,4,6,6,2,5,5,6,3,4,4,6,6,6,4,4,6,6,6,4
10360202,2,3,4,4,2,4,4,2,4,5,5,1,4,4,2,4,4,4,2,4,4,4,2,1,5,1,3
10360205,4,-1,2,4,4,5,4,2,4,6,3,4,2,4,4,5,2,4,4,2,4,2,4,4,6,2,3
10360212,1,1,5,5,1,5,5,1,1,5,5,1,4,4,5,5,3,5,1,1,5,1,5,1,1,1,1
10360217,4,2,3,5,2,5,2,1,5,3,2,1,4,2,4,4,4,4,4,2,4,3,4,4,4,2,2
10360225,3,2,4,5,2,4,1,1,5,6,5,1,5,2,5,5,4,4,4,4,5,3,5,2,1,1,1
10360235,4,4,1,4,3,5,3,1,3,4,4,1,5,4,3,4,5,3,4,1,3,2,5,1,3,1,2
10360236,5,1,5,2,2,5,5,1,5,5,4,1,5,4,5,5,5,2,4,4,2,2,5,2,4,4,3
10360266,6,2,5,5,4,5,3,1,4,6,4,1,1,1,4,2,2,1,5,3,5,2,6,2,6,1,4
10360283,3,3,4,4,4,4,4,5,5,3,3,2,4,4,4,2,4,4,6,3,4,2,4,2,1,2,4
10360284,3,3,4,5,4,4,4,1,5,3,4,1,4,2,4,2,4,4,6,4,4,4,4,1,2,2,2
10360285,4,3,2,4,2,4,4,1,3,5,4,1,4,3,4,4,5,2,4,4,4,1,4,4,2,3,3
10360286,4,2,3,5,2,2,4,4,3,3,3,1,5,2,4,4,4,4,2,2,2,2,5,1,2,2,4
10360322,2,4,3,5,2,4,5,2,4,4,5,1,5,4,4,4,4,3,4,6,6,2,5,2,4,6,4
10360366,5,3,1,3,3,4,1,3,3,6,5,1,1,1,3,1,1,3,3,1,4,1,6,6,6,6,6
10360414,1,1,1,2,1,5,5,3,5,4,4,4,5,4,3,3,4,4,1,1,2,4,4,3,3,1,1
10360415,3,2,3,4,1,5,4,2,3,4,4,2,5,4,3,4,4,5,1,1,2,3,4,1,4,1,3
10360458,4,4,4,5,3,5,4,1,2,2,4,3,5,4,4,5,4,5,4,3,4,4,4,4,1,2,4
10360460,3,3,2,5,2,5,4,2,4,3,4,2,4,2,4,4,3,4,2,2,4,2,4,2,4,2,3
10360462,6,6,6,5,3,5,6,1,1,6,5,1,5,4,5,5,6,6,6,6,6,1,6,6,1,6,4
10360464,4,3,3,4,4,4,4,3,4,6,4,3,6,6,6,4,3,3,4,4,4,4,3,4,3,4,3
10360465,3,6,6,4,4,5,4,2,2,4,4,2,4,4,3,4,4,4,2,2,2,4,2,2,2,4,4
10360475,5,5,1,5,4,5,5,1,4,5,5,1,4,5,5,4,5,4,2,2,3,1,5,5,1,2,1
10360518,6,2,2,4,2,5,5,2,5,6,4,1,4,4,3,4,4,6,3,6,2,2,5,2,1,6,2
10360519,2,4,2,6,2,5,6,1,4,6,3,3,4,4,4,2,4,3,3,6,4,3,4,3,3,2,2
10360526,5,4,3,3,4,4,3,3,4,4,4,1,4,4,4,4,4,5,4,4,4,4,4,4,2,4,4
10360527,3,6,3,4,2,5,3,3,4,4,4,1,5,5,3,4,4,5,2,6,4,4,4,4,2,6,6
10360532,2,4,1,5,3,5,5,1,6,3,3,2,4,3,4,3,5,3,3,1,4,1,4,3,3,1,1
10360533,6,1,6,5,2,5,5,1,1,2,4,1,5,4,5,3,2,1,2,6,5,3,5,2,1,2,4
10360536,4,2,4,5,2,4,4,4,4,6,5,4,5,5,4,4,4,4,2,1,2,4,4,1,2,2,4
10360564,6,6,6,4,3,4,4,1,4,4,4,1,4,3,4,3,5,5,2,1,5,3,6,3,5,2,2
10360566,5,4,3,5,2,5,5,3,2,4,4,2,5,4,4,4,4,3,3,1,3,2,4,6,1,2,3
10360574,4,4,3,5,6,5,2,3,2,6,4,1,5,2,3,2,5,5,2,2,3,2,4,2,1,4,3
10360575,4,4,3,5,3,5,5,4,2,5,5,1,5,2,4,4,5,5,3,4,4,1,4,4,1,4,4
10360624,5,3,4,5,2,5,3,3,4,6,2,1,6,6,6,3,6,2,5,5,5,3,3,5,4,3,5
10360626,3,4,2,3,4,4,3,2,3,4,2,3,4,4,3,3,4,3,4,4,2,2,4,3,2,2,2
10540009,4,6,6,5,6,4,4,1,3,6,2,3,1,2,3,2,6,4,5,3,1,2,2,6,6,1,3
10540031,4,4,6,6,6,4,5,1,4,4,4,1,5,3,6,3,6,3,4,6,2,1,6,6,1,6,6
10540046,4,3,6,5,4,5,3,1,5,2,2,1,4,2,3,2,2,5,2,2,2,4,3,2,1,6,1
10540063,3,3,3,5,2,5,5,2,1,6,5,2,5,5,4,5,5,5,1,1,3,3,4,5,3,1,3
10540066,5,3,1,4,4,4,4,2,4,4,5,1,5,4,4,4,4,3,4,1,2,5,5,1,3,2,1
10540067,5,3,1,4,4,4,4,2,4,4,5,1,5,4,4,4,4,3,4,1,2,5,5,1,3,2,1
10540128,6,6,3,4,2,4,4,3,4,6,5,2,5,4,3,5,5,3,2,1,3,4,4,2,2,1,3
10540130,6,1,3,5,1,5,3,1,4,3,5,1,4,3,4,3,3,5,1,5,2,2,4,3,5,1,3
10540131,5,1,3,5,5,5,5,1,3,2,4,4,4,5,3,2,1,2,4,3,5,3,5,3,5,1,3
10540168,6,6,6,4,3,5,1,3,3,6,5,1,4,4,4,5,5,4,4,6,4,4,6,2,1,1,1
10540169,6,1,4,4,3,5,6,2,6,6,4,1,5,3,3,4,5,4,4,6,4,2,5,3,1,1,1
10540178,4,2,4,4,1,5,5,4,6,6,5,1,5,5,5,4,5,6,6,6,5,1,5,1,1,1,1
10540184,5,1,6,4,2,5,5,1,6,6,3,1,5,3,6,3,6,6,6,6,4,2,4,6,2,6,6
10540187,3,3,3,3,4,5,4,1,4,4,3,1,5,4,3,4,2,3,4,2,2,1,5,3,3,4,4
10540188,5,2,4,5,3,4,4,2,2,6,4,1,6,6,6,4,4,5,5,4,4,5,5,4,3,1,2
10540199,4,3,2,4,1,4,4,3,4,6,5,2,5,3,4,3,3,1,4,5,4,2,5,5,3,4,3
10540202,5,1,1,3,1,5,-1,1,1,6,4,1,4,3,2,4,4,2,4,6,5,2,5,2,2,6,6
10540215,5,2,2,4,2,5,5,3,5,3,3,2,4,3,3,3,5,3,2,6,4,2,5,2,4,6,3
10540216,5,2,2,4,2,5,5,3,4,6,2,2,5,3,3,3,5,3,2,6,4,2,5,2,4,6,3
10540237,4,3,5,5,3,2,4,1,5,6,5,1,5,2,5,5,3,5,3,3,2,1,5,3,1,1,1
10540250,3,3,4,4,3,4,4,3,3,6,3,4,4,3,3,4,3,4,4,4,5,2,5,3,3,4,4
10540252,2,2,2,5,1,5,4,2,3,6,4,3,5,4,6,4,4,4,2,6,4,2,5,2,2,6,4
10540260,3,5,1,5,3,5,5,1,4,6,5,1,6,6,6,1,3,5,4,5,5,3,5,4,4,3,1
10540265,6,4,2,5,2,4,4,2,3,1,4,1,3,4,5,4,5,2,3,6,3,2,5,2,1,1,1
10540266,3,3,1,5,4,4,4,3,3,2,4,1,5,2,5,4,3,4,2,4,4,2,5,2,4,4,3
10540269,4,-1,2,2,2,5,4,2,4,6,4,2,5,3,2,3,4,2,4,6,4,2,4,2,2,6,2
10540271,6,3,2,4,2,5,5,2,3,5,4,3,4,4,3,3,4,2,6,6,2,3,4,3,2,6,3
10540297,2,4,2,4,2,5,4,3,3,6,4,2,5,3,4,5,4,4,2,2,2,2,4,3,2,1,2
10540298,2,4,2,6,6,5,4,2,3,6,5,2,6,6,6,5,4,5,3,3,2,2,4,4,2,2,2
10540305,3,2,3,1,6,6,4,1,4,3,5,1,5,4,4,4,4,3,4,2,3,3,2,4,2,2,2
10540306,2,3,3,4,2,4,3,2,3,3,5,1,5,2,4,3,3,4,4,2,3,3,2,4,2,2,2
10540335,4,3,3,4,4,4,4,2,4,3,1,4,4,4,4,4,4,3,4,3,2,3,4,3,1,3,4
10540351,5,4,6,4,6,5,5,3,4,6,3,2,5,3,3,3,4,4,3,6,4,3,3,6,3,6,6
10540354,4,2,2,5,4,5,5,2,5,-1,5,1,5,2,5,5,5,2,2,6,2,5,5,1,5,6,5
10540384,5,1,5,6,2,5,5,3,3,6,5,4,5,4,2,1,5,3,5,6,5,2,4,1,2,6,6
10540395,4,4,2,5,3,3,4,3,4,6,3,1,4,4,5,4,2,2,4,6,2,2,5,1,4,6,3
10540396,4,5,4,5,3,2,3,1,5,4,3,1,3,3,3,2,5,3,2,2,2,4,4,2,1,1,4
10540462,6,4,6,5,3,5,5,6,4,6,4,2,-1,4,5,4,4,2,6,6,2,4,6,6,1,6,6
10540514,6,4,3,4,1,4,1,2,6,3,3,5,4,4,3,4,4,5,5,2,4,4,4,4,1,2,1
10540515,5,2,1,5,6,5,5,3,4,6,4,2,4,2,5,2,2,3,4,4,4,5,5,6,4,1,4
10540516,3,3,2,5,4,4,4,2,4,6,2,1,4,3,5,2,3,1,5,2,4,2,4,4,2,1,1
10540517,5,4,2,5,4,5,5,1,5,5,5,1,5,6,3,5,5,5,2,2,3,1,6,3,3,6,3
10540518,5,4,1,4,1,5,5,1,5,5,5,2,5,6,3,5,5,5,2,3,3,2,6,3,5,6,4
10540531,3,3,6,2,3,5,5,1,5,4,5,2,5,3,4,3,4,4,1,1,3,4,5,2,4,1,1
10540532,3,3,2,3,3,5,5,2,5,4,5,1,5,5,4,3,4,4,1,1,3,3,5,2,2,1,1
10540548,5,3,3,4,3,5,4,3,3,6,6,2,4,3,4,3,4,4,3,6,4,2,3,4,2,3,6
10540559,5,3,4,5,3,5,5,2,4,3,3,2,4,3,4,3,4,3,2,2,3,3,2,2,1,2,3
10540560,3,3,3,5,3,5,2,3,4,6,5,2,4,2,4,3,5,3,6,1,2,5,3,1,1,1,1
10540563,4,3,4,3,3,3,4,2,4,2,3,1,4,4,2,2,2,2,4,2,2,2,4,3,1,2,2
10540606,3,2,6,4,6,5,6,1,5,6,5,1,3,3,5,2,5,6,5,6,1,1,4,1,1,6,6
10540647,3,2,3,5,3,2,4,1,4,3,4,3,5,4,3,3,4,3,3,3,4,4,3,1,2,3,3
10540659,6,6,3,2,4,5,5,3,4,6,5,1,5,5,4,4,6,5,3,6,4,2,5,1,1,6,5
10540660,6,6,3,2,4,5,5,3,4,6,5,1,5,5,4,4,6,5,3,6,4,2,5,1,1,6,5
10540672,4,2,6,4,6,6,4,6,4,4,4,1,5,3,4,4,4,2,2,2,5,2,4,3,6,6,6
10540675,6,6,6,4,4,5,2,3,5,6,4,1,5,4,4,2,1,3,5,4,2,5,5,4,1,5,3
10540689,4,3,2,2,3,5,5,1,2,4,4,2,5,3,2,4,3,3,2,1,2,3,4,2,2,6,2
10540691,4,1,3,5,2,4,4,1,5,4,2,1,5,5,5,4,4,4,2,2,4,2,5,2,1,1,4
10540692,1,4,2,5,2,4,5,1,2,5,3,1,5,3,4,5,4,4,1,6,4,1,5,2,2,6,1
10540774,5,3,2,3,2,5,4,3,4,3,3,3,4,4,4,4,4,3,3,2,4,2,4,2,3,2,2
10540803,3,2,4,3,2,2,3,4,2,6,3,1,3,2,4,3,4,5,4,4,4,2,5,3,2,1,2
10540804,4,2,4,4,2,2,4,2,3,6,3,3,4,2,3,3,4,4,4,4,2,2,4,4,2,1,2
10540806,3,3,3,4,2,4,2,3,3,3,3,3,4,3,4,4,3,3,2,3,5,4,3,2,2,2,3
10540807,4,3,3,4,2,4,4,2,3,3,3,1,5,1,5,5,5,6,5,3,4,4,4,2,1,6,3
10541086,4,6,1,1,4,4,4,1,5,1,4,1,4,3,4,2,5,1,5,5,2,1,5,3,2,5,4
10980037,5,4,2,4,1,4,2,1,4,6,5,3,5,4,2,4,5,4,5,5,2,1,5,5,1,5,1
10980079,5,3,3,5,5,4,5,1,2,2,4,1,5,2,5,3,4,6,4,4,3,2,5,2,3,1,1
10980080,4,3,3,5,3,5,4,2,4,2,2,1,4,2,5,3,2,6,5,6,2,2,5,4,2,2,4
10980111,3,3,4,4,3,4,3,2,4,4,4,3,4,4,3,4,4,3,3,3,4,3,4,2,4,3,3
10980195,4,2,3,4,4,3,4,2,2,5,4,3,5,4,3,4,5,3,2,1,1,2,4,2,2,2,6
10980223,3,3,3,4,4,3,4,4,4,3,4,3,3,5,4,4,3,3,5,2,5,4,1,2,2,3,4
11460027,4,5,3,5,1,5,5,1,4,6,2,1,6,6,6,4,6,4,5,5,4,2,5,5,1,2,3
11460028,6,2,2,5,2,4,5,1,2,6,2,1,5,5,2,4,4,4,4,2,2,1,4,1,1,1,1
11460060,2,4,2,4,2,4,4,2,2,2,4,2,4,3,4,3,4,1,4,4,4,1,4,1,1,1,1
11460070,5,3,3,4,3,3,3,2,3,3,4,1,5,5,3,3,3,4,2,3,2,2,5,3,4,3,3
11460082,3,4,3,4,6,5,4,2,4,6,4,2,4,3,4,3,3,4,3,6,4,3,4,3,3,3,3
14050001,5,3,4,5,2,3,4,4,3,4,4,1,5,4,3,4,2,3,4,3,4,5,4,2,1,1,4
14050047,2,4,2,5,4,4,4,2,4,6,4,3,5,2,3,4,4,5,2,1,2,4,4,1,1,2,3
14050075,5,4,2,6,4,2,4,2,3,3,3,1,5,4,4,4,2,4,3,2,1,2,4,1,4,2,2
14050076,6,6,1,5,-1,5,5,1,5,1,2,1,4,2,4,2,2,4,4,4,4,2,4,1,4,1,1
14050110,4,5,3,3,4,5,5,3,3,3,5,2,5,5,3,5,5,5,3,3,2,5,2,1,1,1,3
14050133,4,4,4,3,2,2,4,3,3,3,2,2,5,5,4,5,4,3,4,4,4,2,4,4,4,4,2
14050134,5,2,5,5,3,2,5,1,5,2,4,2,5,4,2,2,2,2,5,5,5,2,5,5,2,5,3
14050180,5,2,4,4,2,4,4,2,4,5,5,2,5,5,3,3,4,3,2,1,4,4,2,2,2,2,4
14050182,4,5,2,5,3,4,4,1,3,4,5,2,5,3,4,4,4,4,4,4,3,1,4,1,5,3,4
14050186,5,2,3,5,1,1,5,2,4,2,2,1,5,5,5,5,2,3,4,4,5,4,1,1,5,1,4
14050193,5,2,2,5,2,3,5,1,5,1,1,1,4,2,5,1,1,5,2,2,4,4,4,2,4,1,5
14050194,5,5,5,5,5,2,4,1,4,1,4,1,5,4,5,5,5,5,5,2,3,2,4,4,2,3,3
14050226,6,6,6,6,6,6,6,6,6,6,6,6,6,6,6,6,6,4,6,6,6,4,6,6,6,4,6
14050250,6,4,3,5,5,4,4,2,4,6,5,1,1,4,4,1,4,4,1,1,2,4,4,1,2,3,2
14050278,2,5,1,5,4,4,5,4,5,4,5,1,5,5,4,2,5,4,2,2,4,2,4,1,5,1,5
19130012,5,5,5,5,1,5,5,1,1,1,1,5,5,5,1,1,5,1,5,1,5,1,1,1,5,1,5
19130036,3,2,3,5,2,4,5,2,4,5,4,2,4,4,4,2,4,3,3,6,2,3,5,4,3,2,3
19130062,5,4,2,2,1,4,4,2,2,5,5,2,5,5,2,2,2,2,3,6,2,2,5,2,2,6,1
19130080,5,4,3,4,6,4,4,4,4,4,5,3,5,4,3,5,5,3,3,6,3,2,3,2,4,6,6
19130092,4,3,3,6,1,3,4,2,4,6,4,2,5,4,4,3,4,3,2,6,2,3,5,2,2,3,4
19130147,2,2,1,5,2,2,2,2,5,4,4,1,1,2,5,4,4,2,4,2,3,2,5,3,4,2,1
19130148,5,5,5,5,6,5,6,1,5,5,5,1,5,6,5,5,5,2,3,2,5,1,5,1,2,2,3
19130149,5,1,4,5,1,5,5,2,4,1,1,1,5,5,4,2,5,5,5,5,4,1,4,1,4,2,4
19130179,4,2,3,3,3,4,4,2,4,4,4,2,4,3,4,4,4,2,2,1,3,2,4,2,2,2,3
19130202,4,5,1,5,1,5,5,1,5,6,6,1,5,4,5,3,5,1,6,6,5,1,5,1,1,6,6
19130203,4,2,4,2,3,3,3,4,4,1,1,1,4,3,4,2,4,2,4,2,4,2,4,2,2,3,3
19130205,6,6,4,5,2,2,4,4,5,6,5,1,5,3,5,5,6,6,6,1,1,5,6,6,5,6,6
19130206,6,6,4,5,1,3,2,1,5,6,6,1,5,5,5,5,6,6,6,6,4,1,6,1,5,6,1
19130213,4,4,4,2,2,4,4,2,4,5,5,1,4,4,3,3,4,4,2,2,4,4,4,2,4,4,4
19130238,6,6,6,5,3,4,3,1,4,6,4,3,5,3,4,2,3,2,4,1,2,5,5,3,2,2,4
19130252,5,2,5,5,2,5,4,1,5,6,3,1,6,6,6,4,2,2,5,5,5,5,5,5,1,5,5
19130279,6,4,3,4,4,4,2,6,4,6,5,6,4,4,4,4,4,4,6,3,4,3,4,2,6,3,6
19130291,5,3,2,4,2,4,4,2,4,5,5,3,5,4,2,4,4,2,4,3,3,2,4,1,3,2,3
19130292,5,3,2,4,2,4,4,2,4,5,5,2,5,4,2,4,4,2,4,3,3,2,4,1,3,2,3
19130374,5,2,5,4,2,2,4,1,3,4,4,1,5,2,5,4,4,3,5,5,4,3,5,2,2,1,1
19130486,5,1,4,5,4,1,6,1,6,1,1,1,5,2,5,5,1,5,5,4,5,1,5,2,1,2,1
19130578,4,3,3,4,2,5,4,2,3,6,4,1,5,5,3,2,2,5,2,4,5,5,5,2,3,2,5
19130685,5,3,3,5,1,5,5,1,5,3,3,1,5,3,5,5,5,4,4,1,5,1,5,1,5,3,4
19130766,4,2,3,3,3,5,4,6,6,6,5,6,4,4,3,6,6,4,6,6,6,1,4,2,2,3,6
19130767,5,6,6,6,2,6,4,6,5,6,6,3,5,5,4,5,6,5,6,6,6,5,6,1,6,6,6
19130797,4,2,2,5,2,5,4,2,3,3,4,1,5,2,2,4,4,2,4,4,1,2,5,2,1,1,1
19130798,5,2,3,5,6,3,4,4,2,6,5,1,5,5,4,4,4,3,3,6,4,4,3,2,5,6,1
19130827,5,2,2,6,3,3,4,1,4,5,4,1,5,5,6,5,5,5,6,6,6,3,1,1,6,6,6
19130843,5,4,4,5,3,3,4,5,3,6,5,3,5,5,3,5,5,5,2,3,3,3,3,2,2,4,4
19130855,4,3,4,4,3,3,4,4,3,4,4,2,5,4,4,3,3,4,4,2,4,2,4,2,2,2,4
19130863,4,2,4,5,3,5,4,3,2,2,3,2,4,4,3,3,5,3,4,3,4,2,4,3,2,6,3
19130867,1,5,1,5,1,4,5,1,2,6,5,2,5,5,4,5,5,2,1,6,2,4,1,2,1,1,4
19130871,5,3,3,4,4,4,4,2,4,6,4,2,4,2,4,2,2,4,4,2,1,3,5,2,1,1,4
19130883,6,6,5,5,6,3,4,2,5,6,3,3,5,4,4,4,6,4,4,3,4,3,6,6,3,6,3
19130912,6,6,6,6,1,3,3,3,5,5,4,3,4,4,2,5,5,6,6,6,3,1,6,6,6,6,6
19130933,6,6,6,6,3,3,4,1,1,1,4,1,1,3,1,4,3,1,1,4,4,1,6,4,6,4,4
19130963,6,1,6,5,1,3,5,3,5,2,5,1,5,2,4,5,6,2,6,6,1,5,5,1,6,6,5
19131061,6,6,6,6,6,5,5,1,6,5,5,1,5,5,1,6,6,6,6,6,6,6,6,6,1,6,6
19610035,5,2,4,5,5,3,4,1,5,1,3,1,3,2,5,2,4,4,5,5,2,1,5,5,1,4,4
19610100,6,-1,3,4,1,4,4,1,3,6,5,2,5,4,4,4,5,2,4,6,5,2,5,1,1,6,3
19610114,4,4,3,4,6,4,4,2,4,4,4,2,4,4,4,4,4,4,4,4,2,4,4,2,2,2,4
19610182,4,2,3,6,1,5,5,1,4,6,5,1,5,4,2,4,4,4,5,1,4,1,5,2,2,1,4
19610191,6,6,6,3,5,4,6,1,4,6,1,1,6,6,6,1,2,1,5,4,4,3,3,1,1,4,4
19610192,6,6,6,3,4,4,6,1,2,6,5,1,4,2,3,2,2,1,5,6,6,4,4,3,6,4,3
19610203,6,6,3,5,5,6,2,1,5,6,5,1,6,5,5,1,3,1,5,4,4,3,4,3,1,3,5
19650008,5,2,4,2,3,4,3,1,5,3,4,1,4,3,3,3,4,5,4,-1,-1,-1,-1,-1,-1,-1,-1
19650022,6,6,6,4,6,5,4,1,4,6,2,1,5,3,5,2,2,2,5,5,4,1,5,3,3,2,4
19650025,5,3,2,4,1,5,5,2,3,5,5,2,5,4,4,4,4,3,4,3,4,1,4,1,1,4,3
19650026,5,3,2,5,1,4,5,1,4,4,5,1,5,4,4,5,5,5,1,2,4,3,5,1,1,1,3
19650035,4,2,3,5,2,5,5,4,4,6,6,1,4,2,4,4,4,2,4,6,4,5,1,1,2,6,6
19650041,3,5,4,4,2,3,3,3,4,3,2,2,5,4,2,5,5,5,1,1,5,2,4,2,4,4,3
19650059,4,2,3,5,1,1,4,3,4,6,4,5,5,5,2,3,5,5,1,1,5,4,3,1,5,3,5
19650071,4,3,4,5,3,4,4,3,4,2,4,3,4,4,3,3,4,2,4,2,4,4,4,2,3,4,4
19650072,4,3,4,5,3,4,4,3,4,2,4,2,4,4,3,4,4,2,4,2,4,4,4,2,2,4,4
19650138,5,2,3,4,2,4,4,2,2,4,4,1,5,4,3,3,4,4,2,2,2,1,4,5,3,4,3
19650139,3,3,3,4,2,4,4,2,3,4,3,3,4,3,3,2,4,2,4,2,4,2,4,2,4,3,2
19650161,4,4,2,4,4,6,2,2,4,6,4,2,5,4,5,4,5,1,2,2,4,2,2,2,2,4,4
19650162,4,-1,-1,4,-1,4,-1,4,5,-1,4,2,6,-1,5,5,-1,3,-1,6,4,5,6,6,6,6,5
19650217,4,3,3,5,3,4,4,2,2,6,2,4,5,4,3,3,6,4,2,6,3,2,4,1,4,3,6
19650218,4,6,6,5,2,3,2,1,3,6,5,1,1,2,4,4,6,2,2,6,4,2,6,2,2,4,6
19650224,5,3,3,4,3,4,4,3,4,6,4,3,4,4,4,4,4,3,3,6,4,4,4,2,4,4,3
19650242,4,2,6,5,4,5,5,1,5,1,2,1,5,2,5,2,5,2,4,2,4,2,4,2,2,4,4
19650257,4,3,3,2,4,5,5,1,5,6,1,1,3,3,2,2,4,4,4,4,4,2,5,3,2,4,4
19650281,5,1,3,5,1,1,4,1,5,1,2,1,5,1,5,1,2,1,4,4,4,4,5,3,5,5,5
19650295,5,2,3,5,4,4,-1,2,5,3,5,2,4,3,4,3,4,5,4,4,4,2,5,4,4,4,4
19650327,5,1,4,5,2,1,4,1,5,2,3,1,2,4,5,4,4,5,4,4,4,5,5,4,3,5,5
19650328,5,1,4,5,4,4,5,4,5,4,4,2,4,4,5,3,3,5,4,2,2,2,5,4,2,4,4
19650425,4,2,2,4,3,5,5,4,3,6,5,3,5,4,4,4,3,4,3,6,4,5,4,6,4,4,3
19650447,5,4,3,4,4,2,4,4,4,4,5,2,5,4,4,4,4,4,2,4,2,5,4,4,2,5,5
19650448,5,4,3,4,4,2,4,4,4,4,5,2,5,4,4,4,4,4,2,4,2,5,4,4,2,5,5
19650490,3,2,2,2,1,5,5,6,4,4,5,1,4,5,2,4,5,2,5,6,4,5,4,1,1,2,6
19650491,5,2,1,4,1,4,4,1,4,3,5,1,4,4,3,6,6,2,6,6,4,5,4,1,1,6,3
19650511,4,2,2,4,2,4,4,1,4,4,4,2,4,4,3,4,4,4,4,2,4,2,4,6,6,4,2
19650512,4,2,2,4,2,4,2,4,4,4,2,4,4,2,4,4,4,4,4,6,4,4,4,6,6,6,6
19650575,5,1,1,5,1,5,5,1,5,6,6,1,5,2,4,6,6,5,2,1,1,3,2,2,1,6,6
19650586,5,6,5,3,2,5,5,3,3,5,5,1,3,5,3,3,6,5,1,1,4,3,5,3,3,3,3
19650626,3,1,3,4,3,1,4,1,4,1,2,1,3,4,4,2,3,1,4,6,4,1,4,4,1,6,4
19650631,5,2,4,4,2,3,3,2,4,4,5,2,5,5,3,3,4,4,2,1,4,3,4,3,2,4,3
19650656,5,2,2,5,2,2,4,2,5,6,5,2,5,4,5,5,4,4,4,1,2,2,4,2,2,4,1
19650663,4,2,2,5,2,5,3,1,2,5,4,1,5,5,4,5,5,2,2,2,4,5,5,2,4,4,4
19650699,5,3,4,1,1,5,5,6,6,6,6,1,5,4,3,5,6,6,6,6,5,1,6,1,2,6,6
19650700,5,3,4,1,1,5,5,6,6,6,6,1,5,4,3,5,6,6,6,6,5,1,6,1,2,6,6
19730033,4,3,3,5,6,5,4,1,4,2,4,2,5,3,5,4,4,2,3,4,4,2,5,3,2,5,5
19730034,4,3,3,5,6,5,4,1,4,2,4,2,5,3,5,4,4,2,4,4,4,2,5,3,2,5,5
19730078,3,6,6,4,6,5,5,1,4,1,4,1,5,2,6,2,1,1,5,5,3,1,6,5,2,5,5
19730085,4,3,1,5,3,5,2,4,3,6,4,3,4,5,3,4,3,3,4,4,3,3,4,2,4,1,3
19730092,5,5,4,4,6,5,2,1,5,6,2,1,5,5,2,2,5,5,4,2,1,4,4,1,4,2,2
19730119,5,2,5,2,5,2,5,4,2,6,5,1,5,4,2,4,5,5,2,2,5,4,5,2,2,5,5
19730126,5,3,5,4,1,5,3,1,3,4,4,1,5,2,5,3,1,2,5,5,2,3,5,5,2,5,4
20860315,4,6,4,4,5,3,4,2,5,1,2,1,5,3,-1,-1,5,2,4,2,4,4,5,5,1,3,4
28000144,6,6,6,3,4,5,5,2,5,6,2,1,4,4,3,3,2,3,4,2,4,2,4,3,1,1,4
28000244,2,5,2,3,3,5,5,3,3,4,5,1,5,3,4,5,4,4,4,5,5,2,5,5,1,5,3
28000306,4,4,5,4,2,5,5,5,3,1,2,1,5,2,4,4,5,2,4,5,4,4,5,5,2,5,3
28000341,5,5,5,5,4,2,4,2,4,4,2,1,4,2,4,4,2,4,5,3,3,2,5,5,2,2,4
28000344,4,3,2,5,3,3,5,2,5,2,2,2,2,2,4,3,2,3,4,6,6,2,4,4,2,4,3
28000352,5,6,3,4,3,4,4,3,3,3,4,2,4,4,3,4,4,2,4,3,-1,3,2,2,3,-1,4
28000363,5,3,5,1,4,1,4,1,4,1,4,5,5,4,1,4,3,4,4,4,5,1,5,4,4,5,5
28000366,4,2,4,5,2,2,4,2,4,6,4,1,2,2,4,4,6,3,2,1,2,2,5,1,4,3,3
28000367,4,3,5,6,4,6,6,6,4,6,1,6,6,6,6,6,6,2,3,3,6,4,4,4,3,2,2
28000414,5,3,5,6,1,4,4,2,5,1,2,1,1,1,6,1,1,3,5,2,5,1,5,5,1,4,5
28000449,4,2,4,5,3,2,4,4,4,3,2,3,5,3,5,3,4,6,1,1,4,4,3,1,4,1,4
28000450,3,3,2,5,2,5,4,4,1,6,4,1,5,5,4,5,5,5,2,3,4,5,4,1,4,2,6
28000460,2,4,4,4,2,3,4,1,5,6,5,1,2,1,5,2,2,1,5,5,4,1,5,2,1,1,2
28000532,2,3,3,4,2,2,4,1,3,6,2,1,5,2,3,4,2,2,4,5,5,1,5,5,2,4,4
28000646,3,4,2,4,2,5,5,1,4,3,4,2,4,3,4,4,3,3,4,4,2,3,4,4,2,2,2
28000700,4,2,4,5,4,2,2,1,5,2,2,1,4,3,4,3,2,2,4,4,5,3,5,2,1,4,2
28000701,4,6,6,6,6,4,5,2,5,1,2,2,4,3,4,3,2,4,4,4,2,2,4,4,1,3,1
28240008,6,6,6,3,2,5,4,6,4,6,4,2,5,4,3,2,3,3,4,6,2,2,4,2,6,2,4
28240009,6,6,6,4,2,4,4,3,3,6,5,1,4,4,4,4,3,4,2,6,4,5,6,2,1,6,2
28240046,6,6,3,5,1,5,1,1,6,6,6,1,5,5,2,5,5,1,5,6,5,5,6,1,1,4,6
28240110,4,3,2,5,5,5,3,1,5,5,5,1,3,2,1,5,5,1,5,1,1,1,5,2,2,1,2
28240111,4,3,2,5,5,5,3,1,5,5,5,1,3,2,1,5,5,1,5,1,1,1,5,2,2,1,2
28240134,4,2,4,1,2,5,4,1,4,3,4,1,3,3,3,2,1,2,4,4,5,2,4,5,2,4,3
28240137,4,-1,-1,4,-1,-1,-1,4,-1,-1,4,2,4,4,-1,4,-1,-1,-1,-1,-1,4,-1,-1,-1,-1,2
28240158,2,2,2,5,2,5,2,1,1,1,5,1,5,2,4,4,2,1,5,4,4,4,4,4,2,4,1
28240159,2,2,2,5,2,5,2,1,1,1,5,1,5,2,4,4,2,1,5,4,4,4,4,4,2,4,1
28240179,5,5,4,5,4,2,5,3,5,6,4,4,5,2,5,2,2,2,4,5,5,3,5,2,2,4,3
28240201,6,6,4,4,5,6,6,1,4,6,5,1,4,4,5,2,4,4,2,5,4,4,6,2,1,4,4
28240202,3,5,4,5,1,1,3,3,4,5,4,2,4,2,4,4,3,4,4,4,3,2,4,1,5,1,3
28240264,4,4,5,5,1,5,5,1,5,6,1,1,6,6,6,1,6,2,5,6,2,1,5,5,2,5,3
28240270,2,5,1,5,3,5,4,2,3,6,4,1,5,4,5,4,4,2,4,5,4,3,5,4,1,5,5
28240302,1,2,4,3,1,5,4,2,4,3,5,1,5,4,1,3,3,1,5,1,4,3,4,3,6,4,3
28240303,1,2,3,5,2,2,4,4,2,4,4,2,4,4,4,4,4,4,2,3,5,4,5,6,4,2,2
28240317,4,2,4,5,4,5,4,2,3,2,2,2,5,4,4,2,2,2,4,6,4,2,4,2,4,4,4
28240354,5,2,2,4,2,2,5,1,5,1,5,2,5,4,4,5,5,4,2,1,3,4,5,1,1,1,3
28240376,6,6,6,5,4,2,4,3,5,3,4,1,4,4,4,2,4,4,4,2,4,2,4,4,2,4,4
28240378,4,4,3,3,3,4,4,2,4,6,4,3,4,2,3,2,3,2,4,3,4,3,4,2,2,3,3
28240382,3,3,1,4,1,4,5,1,5,1,4,1,4,3,4,3,2,4,4,2,4,4,4,3,4,1,1
28240476,6,6,6,4,6,3,5,3,3,6,4,3,5,4,3,4,3,6,6,6,6,2,6,6,1,6,6
28240485,3,1,3,3,3,3,3,1,1,6,3,1,5,5,6,3,3,3,5,6,5,1,5,3,1,3,5
28240515,5,1,1,3,5,5,5,1,5,5,5,1,5,1,1,1,5,1,5,5,5,1,5,5,1,4,5
28240517,4,4,2,4,1,5,5,3,4,4,4,1,4,3,4,3,4,1,4,4,4,4,4,1,4,1,4
28240523,4,1,3,5,1,4,4,1,5,2,4,1,4,2,3,4,3,3,4,3,3,2,2,3,4,2,3
28240632,5,4,2,5,3,2,2,1,4,5,5,1,5,2,5,2,5,2,5,4,4,2,4,5,1,4,4
28240692,4,6,2,4,2,2,4,2,2,2,4,2,4,4,2,4,2,4,6,6,2,-1,6,2,4,6,6
28240755,4,2,3,3,2,4,4,2,3,3,3,2,4,2,4,4,4,2,3,2,4,2,4,2,2,3,3
28240756,5,2,2,5,2,2,2,2,4,4,4,1,4,3,4,4,3,3,3,4,4,4,4,2,4,4,3
28240762,5,1,3,4,1,1,5,5,3,6,6,1,5,4,3,5,6,6,6,6,5,3,4,1,2,1,5
28240797,6,2,4,5,2,5,5,2,4,4,4,2,4,2,4,3,3,4,4,4,3,2,4,3,4,2,2
28240798,6,2,4,5,2,5,5,2,4,4,4,2,4,2,4,3,3,4,4,4,3,2,4,3,4,2,2
28240830,4,3,3,5,3,5,4,5,3,6,5,1,5,4,3,5,6,4,3,6,4,5,4,1,6,6,3
28240945,4,2,3,6,2,4,4,6,6,6,5,4,4,4,4,6,4,4,3,4,3,4,5,6,3,4,4
28240955,6,6,5,4,3,5,5,3,2,6,4,1,5,5,3,5,5,5,1,1,4,5,6,1,1,1,1
28240965,5,4,4,2,1,2,5,1,5,4,5,1,5,5,4,2,1,2,5,5,4,2,2,4,2,4,5
28240969,5,3,1,5,3,5,5,1,3,5,4,1,5,5,5,5,5,5,2,3,2,2,5,1,3,4,3
28240970,5,3,3,5,2,2,5,4,4,5,4,2,5,5,2,4,4,4,4,4,4,4,4,6,6,3,2
28240993,4,2,5,2,3,5,4,2,4,5,5,3,4,4,2,3,2,4,2,1,4,2,4,1,4,4,2
28240997,5,2,3,4,1,4,4,2,4,1,3,2,3,1,2,1,2,1,4,4,3,2,3,2,4,4,2
28241047,5,4,2,5,5,5,5,5,3,5,5,4,4,3,5,5,5,5,3,5,4,5,1,5,1,2,4
28241048,5,5,5,4,4,5,5,1,5,5,5,1,5,3,4,4,3,4,3,4,2,3,1,5,1,5,5
28241131,4,2,1,4,6,4,4,1,3,6,4,1,4,2,4,4,4,6,2,3,2,2,4,1,6,4,4
28241132,6,6,2,4,6,2,4,1,3,6,4,1,5,4,4,4,4,2,2,1,4,5,2,1,6,1,4
28241228,3,3,3,3,3,4,4,2,5,3,3,2,4,4,5,2,3,2,4,4,4,4,5,2,2,4,4
28241229,3,3,3,3,4,2,4,2,3,3,3,2,4,4,4,2,3,2,4,4,4,4,4,2,2,5,4
28241260,3,5,2,4,1,5,4,1,3,6,2,6,6,6,6,3,6,2,5,4,4,2,5,5,4,2,2
28241261,6,6,3,4,3,3,6,3,4,6,5,1,3,2,4,3,4,6,4,4,3,2,4,3,1,1,4
28241263,5,4,3,6,6,5,5,1,5,6,1,6,6,6,6,3,6,2,5,5,4,3,5,5,3,4,3
28420015,6,6,6,6,6,3,6,3,3,6,3,2,4,4,3,4,4,4,6,6,4,6,6,3,6,6,6
28420050,4,3,3,3,4,5,2,2,4,6,4,1,4,1,3,3,3,5,2,3,3,4,-1,2,1,4,4
28420051,1,2,3,2,3,1,2,3,2,2,5,1,4,4,4,4,4,4,5,2,3,1,4,4,1,4,4
28420052,5,1,1,4,4,2,5,1,3,4,2,3,5,4,3,2,3,1,5,4,3,1,5,2,5,1,3
28420056,4,4,3,5,2,4,5,3,4,5,5,1,4,3,4,3,4,4,3,3,2,2,4,3,2,4,3
28420152,4,3,3,4,4,3,4,2,4,4,4,2,4,3,3,4,4,4,4,3,4,4,4,2,3,2,4
28420153,3,3,2,3,3,2,4,3,4,4,4,2,4,3,4,3,4,4,4,3,4,3,4,2,2,2,4
28420168,4,2,4,4,4,5,5,1,3,2,2,1,5,4,3,1,2,2,5,4,2,4,5,2,6,4,3
28420278,4,-1,4,5,6,4,-1,3,4,3,3,2,4,2,4,3,3,3,3,6,3,4,4,2,3,4,2
28420282,4,2,2,4,2,4,4,2,2,6,4,2,5,5,5,4,4,2,2,1,4,2,1,2,4,2,2
28420388,4,4,4,4,2,4,4,2,4,4,4,2,4,2,4,4,4,2,4,4,2,2,4,4,2,4,4
28630053,1,5,2,6,3,5,4,1,5,2,2,1,4,3,3,2,2,3,4,6,6,1,5,3,2,3,4
28630054,6,3,2,6,4,5,4,1,5,4,3,1,4,3,4,1,5,4,4,3,4,3,4,4,2,2,3
28630101,5,6,6,6,5,2,5,6,5,6,5,1,5,5,5,5,5,1,5,6,4,6,6,6,1,4,4
28630155,4,4,2,4,4,4,4,2,4,6,2,2,4,4,4,4,2,4,4,1,3,2,4,3,2,2,2
28640075,5,-1,3,4,2,1,4,4,2,4,5,2,5,4,4,4,5,2,4,4,4,2,5,2,2,4,2
28640112,6,4,4,2,4,5,2,1,5,6,5,1,5,1,3,1,5,2,5,3,2,2,4,4,6,3,3
28640121,6,3,5,6,6,5,5,1,5,5,5,1,4,4,4,4,5,4,4,3,4,2,2,1,3,3,4
28640122,6,3,5,6,6,5,5,1,5,5,5,1,4,4,4,4,5,4,4,3,4,2,2,1,3,3,4
28640182,6,6,6,5,6,6,6,6,6,4,4,2,4,4,4,4,4,4,2,5,4,2,4,2,2,5,4
30330009,4,2,2,5,2,5,2,1,5,1,1,1,5,2,5,3,1,2,4,2,2,5,5,4,2,1,2
30330035,4,1,5,6,3,5,2,1,4,1,4,1,4,1,5,2,2,1,5,5,2,1,5,5,1,4,1
30330069,4,1,4,4,5,5,5,1,3,2,4,1,5,3,5,1,4,1,5,4,1,3,5,4,1,4,1
30330149,3,6,6,4,3,6,4,2,4,6,5,3,5,2,5,3,3,2,4,4,3,3,4,3,2,4,3
30330170,3,2,3,5,5,5,2,1,5,3,2,1,5,4,5,3,2,1,5,4,3,1,5,5,1,1,1
30330171,4,2,3,5,5,1,3,3,5,6,2,1,2,1,5,3,1,1,4,4,3,3,4,4,1,3,4
30330172,4,2,3,5,5,1,3,2,5,6,2,4,3,1,5,3,2,1,4,4,3,2,4,4,3,3,4
30330179,6,6,6,5,4,3,3,3,4,6,4,4,5,2,3,3,6,3,4,4,4,2,4,4,1,4,4
30330216,4,3,3,5,2,2,3,3,3,6,3,2,4,2,3,5,3,3,2,2,3,1,5,3,1,1,2
30330231,6,3,4,5,5,5,5,5,4,6,4,4,-1,4,5,3,3,5,4,3,6,6,5,4,6,4,6
30330237,4,1,3,3,1,1,4,1,4,6,3,2,4,3,4,2,4,2,4,4,2,4,4,2,2,2,2
30330238,3,3,4,3,2,2,4,1,4,3,4,3,4,3,4,3,3,4,4,3,4,4,4,4,2,3,3
30330301,6,6,3,4,3,3,4,4,2,6,3,2,4,3,4,4,6,2,4,4,3,2,5,3,1,2,2
30330302,6,6,3,4,3,3,4,4,2,6,3,2,4,3,4,4,6,2,4,4,3,2,5,3,1,2,2
30330327,4,2,3,5,3,2,4,3,6,1,3,1,5,2,5,2,4,3,4,3,2,4,4,5,1,2,3
30330353,2,2,4,5,2,5,2,2,5,2,5,1,3,1,5,4,2,5,4,2,4,1,5,4,2,2,1
30330355,4,6,1,5,4,2,5,2,2,4,4,5,5,3,5,4,2,1,2,6,6,1,5,5,2,1,1
30330364,4,3,4,-1,4,4,4,3,3,3,4,3,3,3,3,3,3,5,3,-1,3,3,6,2,3,4,3
30330369,5,5,4,6,4,2,3,2,4,2,3,1,4,2,4,3,3,2,3,3,2,2,4,4,2,2,2
30330370,4,2,4,3,4,4,4,2,4,2,4,2,4,4,4,2,2,2,4,3,6,3,4,2,2,3,3
30330373,4,3,4,5,5,1,2,1,5,6,2,1,5,2,5,3,5,5,5,3,2,1,5,5,1,4,5
30330409,5,2,4,4,4,4,4,2,4,6,2,1,6,3,4,2,3,4,4,4,4,4,4,4,2,2,2
30330485,3,2,6,5,5,4,4,2,4,3,4,2,4,3,5,3,6,2,3,4,3,4,4,3,2,2,6
30330486,4,4,1,1,4,5,3,1,5,5,5,1,5,1,5,5,5,1,5,1,1,5,5,5,1,1,5
30330513,3,4,4,5,4,4,2,1,4,6,3,1,4,1,5,1,2,1,5,5,2,3,4,5,1,1,1
30330535,2,4,5,5,1,3,3,3,4,3,2,1,5,3,4,4,4,2,3,4,3,3,4,3,2,1,1
30330536,2,4,5,5,1,3,3,3,4,3,2,1,5,3,4,4,4,2,3,4,3,3,4,3,2,1,1
30330558,4,6,4,4,4,1,4,3,3,6,3,3,4,2,4,2,2,2,4,5,4,3,4,4,1,2,1
30330565,5,4,4,5,5,2,4,1,5,1,1,1,1,2,3,3,2,1,5,5,3,2,5,5,1,4,3
30330569,2,2,3,5,3,2,4,2,5,2,4,2,5,2,4,2,3,2,4,4,4,2,4,5,3,4,4
30330624,5,1,3,-1,5,3,5,1,5,1,1,1,1,1,5,1,1,1,5,5,3,1,5,5,1,5,3
30330629,3,3,3,4,4,4,4,4,4,3,5,1,5,4,4,3,5,2,4,4,2,2,3,4,2,3,3
30330631,6,6,4,5,4,6,3,5,4,6,4,2,4,2,5,6,2,4,4,2,4,2,6,2,6,6,6
30330632,6,6,4,5,4,6,3,5,4,6,4,2,4,2,5,6,2,4,4,2,4,2,5,2,6,6,6
30330639,5,2,5,5,5,5,6,2,4,6,5,1,5,4,4,3,4,1,5,2,1,3,4,2,1,1,2
30330653,4,4,2,4,3,3,3,2,3,5,3,1,4,2,3,1,3,2,5,4,2,3,5,4,1,4,4
30330674,4,2,4,3,1,5,5,3,3,6,4,3,5,4,5,4,4,3,4,3,4,2,5,3,2,1,1
30330675,5,4,3,3,3,5,5,2,5,6,5,1,6,1,6,2,5,2,5,5,2,5,2,5,2,5,3
30330693,3,2,2,5,2,1,5,4,3,6,4,2,5,4,5,4,4,1,4,1,3,1,4,3,1,1,2
30330717,5,2,3,5,1,4,5,3,1,6,5,3,5,3,5,5,6,6,6,6,6,1,6,1,1,1,1
30330725,5,1,3,3,1,5,5,1,5,6,5,3,5,2,5,5,6,4,3,1,2,3,5,1,1,1,1
30330751,4,2,3,5,3,4,4,3,4,3,4,2,4,2,4,4,4,3,4,4,4,2,4,4,1,3,4
30330770,3,4,3,5,5,2,5,2,4,6,2,1,4,2,5,5,3,5,4,4,3,2,5,5,3,2,6
30330778,6,6,3,4,5,3,4,3,5,6,3,1,3,2,4,3,3,2,5,3,2,2,5,5,1,4,3
30330795,4,2,3,5,6,5,5,4,2,6,5,2,5,5,3,5,5,5,6,3,2,1,5,1,1,1,1
30330798,5,1,4,3,4,1,4,1,5,6,2,1,1,1,3,1,1,1,5,4,4,1,5,5,1,5,5
30330821,3,3,2,4,1,2,4,1,4,2,2,1,1,1,6,1,2,3,4,5,3,2,4,4,3,2,3
30330833,5,4,4,5,5,1,5,2,4,2,2,1,4,2,5,2,4,2,4,2,2,4,2,4,2,3,2
30330851,3,3,1,5,4,2,3,1,5,2,2,1,5,2,5,3,3,2,4,3,2,2,5,4,2,1,4
30330852,5,3,5,4,2,2,4,2,4,3,3,1,4,3,4,3,2,3,4,4,2,3,5,4,1,1,2
30330875,5,1,6,4,3,5,2,1,5,2,1,2,5,3,4,2,5,3,4,2,3,4,5,5,2,4,3
30330879,4,3,3,3,6,5,6,3,3,6,3,6,3,3,3,6,6,3,4,4,3,2,5,3,6,6,3
30330920,3,3,4,4,2,4,4,3,-1,2,3,1,2,1,4,3,2,2,4,5,2,3,1,2,1,3,5
30330951,6,6,4,4,6,6,4,3,4,2,4,1,4,3,4,4,2,4,5,4,4,2,4,4,1,1,1
30330972,3,-1,4,5,3,1,2,3,4,3,3,1,4,2,4,2,3,2,4,4,3,1,5,5,1,2,2
30330986,5,2,4,5,5,2,4,1,3,6,4,1,4,2,5,4,2,2,4,4,4,4,5,5,1,2,4
30330997,4,2,3,3,4,5,4,2,4,3,3,2,3,4,4,3,3,4,4,3,3,3,4,4,3,4,4
30331017,5,2,4,4,4,4,4,2,4,3,4,3,4,3,4,4,4,5,4,4,3,4,5,5,1,4,4
30331035,5,2,2,3,4,5,2,2,5,6,4,4,5,3,4,3,2,3,4,3,2,2,5,3,1,3,3
30332010,1,5,2,3,4,2,3,5,5,3,5,1,5,2,5,4,5,1,5,4,1,3,5,5,1,1,3
30860007,4,2,2,3,3,4,4,2,4,3,2,2,4,3,4,4,3,2,4,3,1,2,4,3,1,2,3
30860015,4,2,4,5,3,5,5,3,3,3,4,1,3,3,3,2,3,3,5,5,4,3,3,5,1,5,4
30860017,4,2,3,3,5,1,3,1,4,1,2,1,4,2,4,2,3,3,4,4,6,4,5,5,1,1,3
30860018,3,4,3,6,6,5,5,1,3,6,3,6,6,6,6,3,6,1,5,5,4,1,5,5,1,4,3
30860031,5,3,3,4,2,3,4,4,4,3,4,2,4,2,4,4,4,4,2,2,4,4,4,2,1,2,2
30860032,5,3,3,4,2,3,4,4,4,3,4,2,4,2,4,4,4,4,2,2,4,4,4,2,1,2,2
30860033,5,3,6,2,5,4,2,1,5,1,2,1,4,2,4,2,2,2,4,2,1,2,5,5,1,3,3
30860061,3,3,2,4,3,3,4,4,4,3,4,2,5,4,4,4,6,4,3,6,4,4,4,3,3,1,3
30860095,5,3,3,5,5,4,4,3,5,3,4,3,4,2,4,4,3,2,3,3,2,2,5,5,1,1,5
30860109,3,-1,3,3,4,4,4,3,3,-1,4,-1,4,4,3,4,3,4,3,-1,3,3,-1,3,-1,-1,3
30860139,5,2,5,5,4,-1,-1,4,5,1,1,1,4,2,4,2,3,2,4,-1,4,2,5,4,1,3,3
30860141,4,2,3,3,4,4,4,3,4,6,4,6,4,3,3,6,3,6,3,4,3,1,4,4,6,4,4
30860142,4,2,3,3,4,4,4,3,4,6,4,6,4,3,3,6,3,3,4,4,3,1,4,4,6,4,4
30860145,6,6,4,2,4,3,4,1,4,6,4,6,4,3,4,3,4,3,4,4,4,3,4,5,1,2,3
30860149,3,3,3,4,5,5,5,1,5,4,5,1,5,2,5,4,3,2,3,4,3,2,4,5,2,2,3
30860155,3,6,2,4,3,2,3,3,4,6,4,1,5,3,4,3,3,2,4,4,2,4,5,2,1,2,1
30860157,4,3,4,6,4,3,4,3,4,2,2,1,4,3,4,3,4,3,4,3,4,2,4,5,3,4,4
30860167,6,6,3,4,6,4,4,3,4,6,4,2,4,4,4,3,4,3,6,6,6,2,6,3,4,3,3
30860168,4,3,5,4,4,5,4,2,4,3,2,2,5,4,3,2,4,4,3,2,4,3,4,3,1,4,1
30860175,4,6,6,5,2,4,4,1,5,1,3,2,5,3,4,4,4,1,3,3,4,2,4,1,1,1,4
30860176,4,6,6,5,2,4,4,1,5,1,3,2,5,3,4,4,4,1,3,3,4,2,4,1,1,1,4
30860181,6,4,2,4,4,2,4,5,2,6,5,3,5,3,3,5,5,3,4,3,3,3,5,4,1,2,2
30860197,5,1,5,5,3,1,5,1,3,4,3,1,4,2,5,4,2,3,5,4,2,1,4,4,1,4,3
30860215,6,6,6,4,3,4,4,3,3,2,4,1,5,2,4,3,4,2,4,6,4,3,5,3,1,1,2
30860216,6,6,6,4,4,2,4,3,4,2,4,1,4,2,4,4,4,2,3,4,4,4,4,3,3,1,1
30860227,6,1,1,5,3,3,5,4,4,6,4,1,4,4,3,3,2,2,4,2,6,3,5,3,1,1,1
30860239,4,1,6,3,1,1,5,1,4,2,4,3,5,4,3,5,6,6,6,6,6,2,4,2,3,1,5
30860240,4,1,6,3,1,1,5,1,4,2,4,3,5,4,3,5,6,6,6,6,6,2,4,2,3,1,5
30860245,3,3,2,5,5,2,4,2,3,5,5,1,4,4,4,4,4,4,5,4,1,3,5,5,5,1,3
30860246,3,3,2,5,5,2,4,2,3,5,5,1,4,4,4,4,4,4,5,4,1,3,5,5,5,1,3
30860249,4,1,3,6,4,1,4,2,3,6,3,1,4,2,5,3,3,3,5,4,3,1,5,5,1,2,2
30860250,3,2,4,5,5,1,4,2,5,3,2,2,4,2,4,2,4,2,4,4,4,5,5,3,2,2,3
30860253,2,2,6,3,1,5,5,5,4,6,4,2,5,2,3,4,3,4,3,6,6,4,5,2,2,1,3
30860254,2,2,2,5,5,5,4,1,3,3,2,1,4,4,5,2,5,3,5,3,2,1,5,5,2,1,4
30860265,2,4,3,5,2,5,4,3,4,6,5,3,5,3,4,4,3,2,4,2,3,2,4,4,1,2,3
30860274,5,1,4,5,3,2,4,1,4,1,4,1,4,1,5,4,3,2,4,4,4,2,5,5,3,1,3
30860310,4,4,4,5,4,3,4,4,4,5,5,3,4,3,4,4,3,1,4,5,4,4,5,4,5,4,4
30860391,4,2,4,3,4,4,4,3,4,4,2,2,4,3,3,4,4,4,4,3,2,3,4,4,2,1,2
30860394,4,2,1,4,5,4,3,1,3,1,4,3,4,2,4,2,4,3,4,3,2,3,5,4,1,4,5
30860430,4,4,3,5,4,2,4,2,5,6,3,3,2,3,4,4,3,2,4,2,4,4,4,4,1,3,4
30860443,5,3,4,4,3,2,5,2,5,2,5,2,4,3,5,4,3,2,4,5,4,4,5,4,2,4,3
30860444,5,3,4,4,3,2,5,2,5,2,5,2,4,3,5,4,3,2,4,5,4,4,5,4,2,4,3
30860448,3,-1,-1,-1,-1,4,4,-1,-1,-1,-1,-1,4,4,-1,3,-1,-1,-1,-1,-1,-1,-1,-1,-1,-1,-1
30860449,6,6,6,3,1,5,5,4,2,6,5,6,5,4,3,5,3,4,1,1,4,3,1,1,1,1,3
30860450,6,6,6,3,1,5,5,4,2,6,5,6,5,4,3,5,3,4,1,1,4,3,1,1,1,1,3
30860491,5,-1,4,4,5,1,4,1,5,1,1,1,4,1,5,1,3,1,5,4,4,2,5,5,1,4,3
30860495,5,2,5,3,5,2,2,2,5,1,2,3,4,2,4,1,2,1,5,4,2,1,5,4,2,2,4
30860533,3,4,2,4,2,5,5,2,3,4,4,1,4,4,4,4,6,2,6,6,6,4,5,3,2,6,6
30860539,3,4,2,4,6,4,3,1,5,2,3,1,4,2,3,2,6,1,5,3,4,2,4,3,2,1,4
30860540,3,4,2,5,6,5,3,1,5,5,5,1,3,3,5,1,5,1,5,5,6,1,5,3,6,1,3
30860545,4,2,4,5,4,3,4,1,3,6,2,1,4,4,4,2,4,3,5,4,3,2,5,5,1,3,1
30860546,4,3,1,4,4,2,4,2,4,6,4,1,4,3,4,2,4,1,5,2,2,2,5,5,1,4,3
30860595,4,6,6,4,4,6,4,3,5,6,4,1,4,2,4,4,2,4,4,4,4,4,4,4,6,4,2
30860603,2,3,3,2,3,4,3,3,5,5,4,6,6,6,6,4,6,5,4,4,5,3,5,4,3,2,5
30860616,6,6,6,2,5,5,5,1,-1,6,6,1,4,3,3,1,6,1,6,6,1,1,1,1,1,6,1
30860644,6,6,4,4,4,3,5,3,4,6,4,3,4,4,4,4,4,2,4,4,4,2,2,2,3,4,4
30860650,3,3,4,5,5,3,4,4,5,3,3,2,4,2,4,3,3,2,5,3,4,3,4,4,2,4,3
30860667,3,4,3,3,3,4,3,3,3,4,4,3,4,4,3,3,4,3,4,4,4,3,4,4,4,4,4
30860672,5,2,4,5,3,4,-1,2,4,2,3,1,5,3,5,2,4,4,2,2,2,3,3,2,1,1,3
30860708,3,3,2,5,2,1,5,1,3,4,2,1,4,3,5,1,2,1,5,4,2,1,5,4,1,1,2
30860711,4,2,2,3,3,2,2,2,4,3,4,2,4,3,4,2,2,4,4,2,2,2,4,3,2,2,2
30860712,4,2,2,3,3,2,2,2,4,3,4,2,4,3,4,2,2,4,4,2,2,2,4,3,2,2,2
30860718,3,3,3,3,5,4,3,3,4,3,3,6,4,3,3,3,3,5,4,3,3,5,4,4,3,3,3
30860723,4,3,6,4,3,3,4,3,3,6,4,3,4,3,4,4,3,2,4,3,4,2,4,3,2,3,3
30860725,5,6,6,6,4,5,5,5,4,6,5,6,6,6,6,5,6,1,5,5,6,4,5,5,2,4,4
30860726,5,6,4,6,1,5,4,2,4,6,5,6,6,6,6,4,5,4,4,5,4,4,4,5,1,4,4
30860737,6,1,3,5,4,6,4,2,2,6,2,1,4,1,4,1,1,3,3,4,2,1,5,2,1,3,2
30860762,3,2,3,3,2,6,4,3,3,6,4,3,5,5,3,3,3,3,6,6,4,1,3,3,1,1,3
30860768,5,6,3,5,5,3,3,6,3,6,6,6,4,6,4,6,6,6,5,4,3,3,5,4,1,4,4
30860803,4,1,2,5,3,5,5,1,5,6,5,1,4,4,4,1,2,4,3,2,5,2,4,4,1,1,1
30860804,3,3,3,4,3,5,5,2,5,3,4,1,4,4,4,4,3,4,3,1,4,4,1,1,1,1,1
31320005,4,2,3,4,4,3,4,2,3,2,2,2,4,4,3,4,4,2,4,4,2,2,4,4,1,4,4
31320060,4,6,4,5,5,6,4,3,4,2,3,1,5,2,4,2,2,1,5,4,1,3,5,4,1,2,2
31320097,6,6,3,5,5,3,5,2,5,1,2,3,3,3,4,2,2,1,5,4,3,2,4,4,1,5,4
31320098,6,6,4,5,5,3,5,2,5,1,2,2,3,3,4,2,2,1,5,4,3,2,4,4,1,5,4
31320316,4,2,3,3,1,4,4,3,3,6,3,3,5,4,1,4,3,3,3,6,3,2,3,1,1,1,3
31320335,4,3,5,3,4,5,5,4,1,5,5,1,5,4,3,5,5,5,1,1,3,5,4,2,3,5,5
31320455,4,3,6,4,6,4,4,4,3,3,4,6,4,4,6,4,3,3,3,3,3,2,3,6,3,3,3
31320591,4,2,3,5,4,3,4,5,2,6,4,4,5,4,4,5,4,4,2,2,4,1,4,3,4,2,2
31320656,2,3,4,3,4,5,3,5,3,2,5,3,4,4,3,3,3,5,4,4,4,3,5,5,2,4,4
31320685,3,3,6,6,3,4,3,3,5,1,1,1,3,2,4,4,3,1,5,3,6,3,5,4,2,5,1
31320733,6,6,3,3,6,4,4,3,3,6,3,6,6,6,6,4,3,4,5,4,4,3,6,4,6,5,5
31320757,6,4,3,4,4,2,4,2,5,6,2,1,4,2,4,3,2,2,4,4,4,2,4,4,1,4,3
31320758,2,4,2,4,2,3,3,2,4,6,2,1,6,6,6,2,6,2,5,4,3,1,4,4,3,3,3
31320760,4,2,2,5,5,2,4,2,4,6,2,1,5,2,4,2,3,2,5,2,4,2,5,4,2,4,3
31320887,4,3,3,5,4,3,4,2,5,3,4,3,5,4,4,5,4,2,4,1,4,4,5,3,2,3,4
31320888,6,6,6,4,4,6,2,2,3,3,3,1,2,2,3,2,1,2,3,4,6,3,3,4,-1,4,4
31321173,4,5,4,5,4,2,4,2,4,4,5,1,4,2,4,4,5,2,4,4,1,4,4,4,2,4,3
31321208,3,4,4,4,2,2,4,2,5,4,5,2,5,4,4,3,5,3,5,5,3,2,5,5,1,1,1
31321431,5,3,3,2,2,1,5,1,5,4,5,5,5,5,4,5,5,1,5,4,3,1,3,1,1,5,3
31321463,6,6,6,6,4,4,4,2,4,6,4,1,3,2,5,4,3,2,4,6,6,3,6,4,1,3,2
31321476,6,6,4,3,4,3,4,3,4,6,2,1,2,2,3,4,2,2,4,4,3,2,6,4,6,4,4
31321487,4,-1,4,6,6,4,4,2,4,6,2,6,6,6,6,2,4,2,5,5,4,2,4,4,-1,4,4
31321488,5,2,5,3,3,5,5,1,5,1,2,1,1,1,1,1,3,1,5,5,2,1,4,5,1,5,4
31321500,3,3,3,4,3,3,3,3,3,3,3,2,3,3,3,3,3,3,5,3,3,3,3,3,2,3,3
31321523,5,2,4,6,5,4,5,2,6,6,4,2,5,4,3,5,3,2,5,1,4,1,3,4,1,4,5
31321589,5,1,2,4,3,2,4,2,3,6,4,3,4,2,5,4,2,2,4,1,4,2,5,4,3,1,1
31321590,5,1,2,4,3,2,4,2,3,6,4,3,4,2,5,4,2,2,4,1,4,2,5,4,3,1,1
31321592,4,2,4,5,3,4,4,2,4,3,3,1,2,2,5,4,2,3,5,4,4,2,4,4,1,2,2
32710154,3,3,5,3,5,3,4,1,4,1,4,1,3,4,4,2,3,2,5,5,3,1,5,5,1,4,1
32710159,4,2,2,4,3,5,5,2,3,3,3,2,3,3,3,3,3,3,3,3,3,3,3,3,2,3,3
32710161,5,6,6,3,6,5,5,6,5,6,6,2,5,3,3,6,6,6,6,6,6,3,3,2,4,6,6
32710183,4,3,4,5,3,3,4,4,4,3,4,2,4,3,3,3,3,4,4,4,4,3,4,3,2,4,2
39010058,2,3,3,6,1,5,5,4,6,6,1,6,6,6,6,4,3,4,4,4,3,4,2,4,1,4,1
39010095,4,2,3,4,3,2,4,2,4,6,4,2,5,3,3,4,4,2,4,6,6,4,5,4,1,1,4
39010096,5,2,3,4,3,2,4,2,4,6,4,2,5,3,3,4,4,2,4,6,6,4,5,4,1,1,4
39010097,5,3,4,5,1,3,4,3,5,1,2,2,4,2,4,3,3,1,5,5,5,3,4,5,1,5,4
39010115,3,2,3,5,4,3,4,1,4,2,2,1,6,2,2,4,2,4,4,2,2,1,2,4,1,4,4
39010116,3,2,3,5,4,3,4,1,4,2,2,1,6,2,2,4,2,4,4,2,2,1,2,4,1,4,4
39020001,2,3,2,1,4,2,2,3,3,3,4,3,4,4,1,2,2,3,5,4,2,2,5,4,1,5,4
39020134,4,3,5,3,3,5,4,2,5,3,2,1,3,3,3,3,3,4,5,4,2,1,4,5,1,5,5
39020173,4,3,3,4,4,2,4,2,5,2,2,3,4,3,4,4,5,3,5,3,4,5,5,4,2,3,3
39020209,3,5,2,5,2,5,3,3,5,1,2,5,5,2,5,5,3,5,4,2,3,1,5,4,1,4,4
39020293,4,1,3,5,1,4,4,1,3,1,1,3,5,5,4,4,4,2,4,3,3,1,3,3,3,3,3
39110096,4,3,3,4,4,4,4,2,4,3,3,3,4,2,4,3,3,2,4,3,2,3,4,4,2,4,4
39110220,6,6,5,6,3,6,5,3,6,6,2,3,5,6,3,3,3,3,5,5,3,4,6,2,6,5,4
39110243,4,3,3,4,3,1,3,2,4,6,3,2,4,3,4,2,2,2,5,4,4,1,5,4,2,4,3
39110257,3,2,2,4,3,3,2,2,4,4,4,2,4,4,2,4,4,2,4,4,4,2,4,4,2,4,4
39110258,3,2,2,4,3,3,2,2,4,4,4,2,4,4,3,4,4,2,4,4,4,2,4,4,2,4,4
39110281,6,3,5,4,4,2,2,1,5,1,1,1,4,2,5,4,2,4,4,2,4,2,4,5,1,4,3
39110409,4,3,3,4,4,4,4,2,4,6,5,1,4,3,4,3,3,4,6,3,6,6,4,3,6,6,1
39110423,6,1,3,5,3,3,5,2,5,2,2,2,5,4,5,5,3,1,5,2,3,3,1,5,1,3,3
39110438,4,3,4,5,5,1,4,2,3,1,4,2,5,1,5,4,1,5,5,2,2,4,5,5,1,1,1
39110449,2,2,3,4,3,4,4,2,4,6,4,6,6,2,6,3,3,2,4,4,4,3,4,4,4,2,2
39110450,3,6,3,4,2,4,4,2,4,6,4,2,4,2,4,3,4,3,3,2,4,3,2,6,2,4,2
39110459,5,1,5,5,5,5,5,1,5,1,5,1,5,3,3,1,5,1,5,5,5,1,5,5,3,3,3
39110471,5,1,4,5,5,1,5,1,5,1,4,2,5,2,4,4,2,2,4,3,3,4,4,4,1,5,4
39110605,4,4,4,3,3,4,4,3,3,2,2,1,4,2,4,3,2,2,5,3,4,2,4,3,2,4,3
39110675,4,1,3,4,5,3,4,1,5,2,2,1,4,4,4,4,2,2,4,2,4,4,4,4,4,4,2
39110781,3,3,3,4,3,3,4,3,4,6,3,2,4,3,3,4,3,3,4,6,2,3,4,3,3,4,4
39110815,5,1,4,5,3,2,5,2,5,1,4,1,5,2,5,4,2,3,5,2,2,4,5,4,2,4,5
39110816,4,3,4,5,4,4,5,1,5,6,3,1,3,2,5,4,4,1,5,2,5,2,5,5,3,4,4
39110969,4,2,4,5,4,5,4,2,3,2,2,3,4,2,4,3,3,4,5,4,3,3,5,5,2,5,4
39110970,4,2,4,5,4,5,4,2,3,2,2,3,4,2,4,3,3,4,5,4,3,3,5,5,2,5,4
39110987,2,2,2,4,3,4,4,3,4,6,4,2,4,4,4,4,4,2,4,3,1,4,5,4,1,2,3
39110995,4,6,4,6,4,2,4,2,4,2,2,1,3,2,4,2,1,4,5,4,2,1,5,5,2,4,3
39111246,6,5,4,3,4,5,5,2,4,3,2,3,3,2,3,4,5,2,4,4,5,2,1,2,6,5,4
39111287,5,3,4,5,4,5,4,3,5,3,4,1,5,6,5,4,3,2,4,1,6,4,4,4,2,4,4
39111325,4,-1,3,3,4,3,4,2,-1,3,4,2,3,3,4,3,3,2,4,4,4,4,4,4,3,3,3
39111355,4,2,2,5,3,2,4,1,2,2,2,2,4,4,3,3,2,2,4,2,3,4,5,3,2,2,2
39111356,6,6,6,4,3,4,2,3,2,1,2,2,4,3,4,3,1,1,5,4,2,2,4,4,2,4,3
39111360,5,1,1,4,1,5,2,2,5,3,2,3,6,6,6,4,1,2,5,5,4,4,2,4,4,4,3
39120013,3,4,4,6,6,5,4,3,5,6,5,3,3,2,3,3,4,4,4,3,3,3,4,5,3,3,2
39120015,4,2,3,5,2,3,4,2,4,2,4,1,4,5,4,3,3,2,4,3,4,4,5,3,2,3,4
39120016,3,4,2,5,2,5,5,4,6,2,4,2,5,5,3,2,4,2,2,6,4,2,4,6,2,6,4
39120150,6,6,3,6,6,3,4,6,4,6,3,3,4,3,4,3,6,3,3,4,6,3,3,4,6,3,6
39120197,3,2,1,5,3,2,4,1,3,3,5,4,5,2,4,4,4,1,4,4,2,1,5,5,3,5,5
39120198,3,4,5,1,1,1,5,1,3,1,1,1,1,1,1,2,1,3,1,5,1,1,5,5,1,5,4
39120245,4,2,3,5,1,1,5,1,5,4,3,1,4,2,4,3,4,1,5,5,3,2,5,5,2,4,3
39120246,6,2,4,4,1,2,4,1,4,4,4,1,4,3,3,3,4,1,5,3,4,1,5,5,2,4,3
39120250,6,6,6,4,4,3,4,3,3,4,5,1,3,3,4,5,-1,3,2,1,4,2,6,4,1,4,3
39120364,3,3,4,1,3,5,5,3,3,6,3,4,5,3,3,3,3,2,5,3,3,2,5,4,3,4,6
39120372,4,3,3,4,3,2,4,2,4,3,4,2,4,4,4,2,4,2,5,4,4,2,5,5,2,5,4
39120424,3,2,3,5,4,1,4,1,3,2,4,1,5,4,3,4,3,3,4,4,3,3,4,4,3,4,2
39120435,6,2,3,3,3,4,3,2,3,6,5,6,6,6,6,3,3,3,3,4,5,4,6,3,6,4,5
39120436,6,-1,4,4,4,5,4,3,4,6,5,6,6,6,6,3,3,3,3,4,5,4,6,3,6,4,5
39120457,3,3,1,5,6,5,5,1,5,1,5,1,5,1,5,1,5,3,5,4,6,4,5,6,1,4,4
39120458,4,2,3,5,4,4,4,1,4,6,4,3,5,4,5,3,2,1,5,6,2,2,5,4,2,4,2
39120497,4,4,4,5,4,4,4,2,5,2,4,1,4,2,4,2,4,4,4,4,4,4,3,4,4,4,4
39120509,3,2,4,2,4,2,4,1,4,1,1,3,4,3,4,4,2,4,5,4,2,1,5,4,1,4,3
39120519,3,3,2,3,3,3,5,5,1,4,4,4,5,5,2,5,3,3,3,3,4,2,3,3,5,4,3
39120559,4,4,3,4,4,3,5,5,5,4,3,3,4,3,3,3,3,3,4,4,3,3,5,5,4,5,4
39120999,5,4,3,5,5,3,4,2,4,1,3,2,5,2,5,2,2,1,5,3,4,1,5,5,1,5,5
42270003,6,3,3,5,6,5,5,2,5,2,5,1,5,4,5,5,2,5,5,5,5,5,5,3,3,4,5
42270004,6,3,3,5,6,5,5,2,5,2,5,1,5,4,5,5,2,5,5,4,4,4,4,3,3,4,5
42270007,4,5,4,6,5,3,6,3,4,6,5,3,5,4,5,4,5,1,5,5,6,4,5,3,6,5,5
42270059,4,2,3,4,6,3,3,2,4,6,4,3,5,3,3,3,3,2,2,6,4,3,4,3,3,3,4
42270121,4,2,6,6,2,2,2,2,4,6,2,2,2,2,2,2,2,4,4,2,2,4,4,4,1,2,4
42270136,4,3,3,4,3,2,4,4,3,3,5,1,5,5,5,3,4,3,6,3,4,4,5,2,1,3,3
42270163,4,2,1,5,2,1,4,2,4,6,4,2,4,2,2,2,2,2,3,4,2,2,4,2,1,3,2
42270192,5,3,4,5,4,4,3,2,5,2,4,1,5,5,5,3,3,3,4,5,3,3,4,4,1,3,3
42270209,4,4,6,5,1,4,4,1,3,3,2,3,5,5,2,2,2,2,5,2,5,1,5,1,1,1,2
42270214,4,4,3,6,3,3,4,1,4,6,4,1,4,2,4,4,2,3,4,4,2,2,5,4,4,1,2
42270228,4,3,3,4,4,4,4,3,3,3,4,1,4,4,4,3,4,3,3,3,4,2,4,4,2,4,3
42270251,3,3,3,6,5,4,4,6,5,3,3,6,6,6,6,6,6,4,4,4,4,6,6,5,6,5,5
42270264,3,3,3,5,4,4,3,4,4,3,4,3,4,3,4,4,4,4,2,2,2,4,2,2,2,3,3
42270323,3,6,6,4,4,4,4,2,4,2,3,2,3,2,3,2,2,2,3,2,2,2,5,5,1,2,2
42270350,5,2,3,5,4,3,4,4,2,3,4,2,5,4,4,4,2,2,5,2,1,1,4,4,1,3,2
42270540,4,2,6,6,2,5,4,2,4,2,4,2,4,4,4,3,3,2,2,6,4,3,4,2,1,6,2
42270610,4,2,3,5,4,5,4,5,4,3,4,2,5,4,4,5,3,2,5,2,4,3,5,4,3,2,3
42270623,3,3,1,5,2,5,5,4,6,2,4,3,4,4,3,5,6,5,4,2,4,2,4,6,2,5,4
42270631,4,3,6,6,6,3,4,2,6,6,2,1,2,3,5,2,2,2,5,4,3,2,4,4,1,3,3
42270632,4,3,6,6,6,3,4,2,6,6,2,1,2,3,5,2,2,2,5,4,3,2,4,4,1,3,3
42270747,4,4,5,5,3,4,3,2,6,4,4,1,4,3,3,2,4,3,4,5,2,4,4,1,1,2,3
42270851,6,2,4,5,4,2,4,2,4,6,2,2,5,4,5,2,4,3,2,4,3,4,5,5,1,4,4
42270878,4,4,4,4,4,3,3,3,4,5,5,3,5,4,4,4,4,3,3,2,3,3,3,5,3,3,4
42270907,4,2,2,4,1,1,1,2,2,5,4,3,5,3,3,5,3,2,4,6,4,1,5,2,1,6,6
42270908,6,6,6,3,6,3,4,4,3,3,4,3,5,5,2,5,3,3,3,6,6,6,5,3,1,6,6
42270911,1,5,1,5,4,5,4,3,3,2,4,4,5,4,5,4,4,2,4,3,3,3,5,4,2,1,1
42270912,2,4,4,5,3,2,4,3,3,2,4,2,5,4,5,4,4,2,4,5,4,3,5,4,2,1,2
42270974,4,3,4,5,2,2,4,1,4,2,4,2,5,4,3,2,2,4,5,5,5,4,4,2,2,4,2
42270995,4,2,4,5,4,2,4,1,5,1,1,2,5,3,5,3,3,2,4,4,2,2,5,5,2,4,4
42270996,4,2,4,5,2,2,4,3,3,4,4,1,3,2,5,4,3,5,4,4,2,3,3,3,1,4,4
42271015,4,4,4,4,5,3,1,3,5,2,4,6,5,2,3,3,5,5,3,5,3,3,3,5,1,5,5
42271065,4,3,2,4,4,3,4,3,4,3,4,3,4,4,3,4,4,3,2,2,3,4,4,2,2,3,4
42271066,4,3,2,4,4,3,4,3,4,3,4,3,4,4,3,4,4,3,2,2,3,4,4,2,2,3,4
42271067,5,1,5,6,1,3,5,4,6,6,6,3,5,5,6,3,6,1,5,1,5,1,4,1,1,1,3
42271092,3,4,6,5,4,4,4,2,3,6,4,5,5,4,5,5,4,4,3,4,2,2,5,5,1,1,4
42271140,4,5,5,4,4,4,4,6,3,6,4,3,5,2,6,6,4,6,5,5,5,2,6,5,1,5,5
42271144,3,6,4,6,6,3,3,3,3,6,4,1,6,6,6,3,6,1,4,4,3,5,4,5,6,4,4
42271145,4,3,4,3,4,4,4,3,4,6,5,3,3,3,3,4,3,3,5,3,2,2,4,4,1,3,3
42271162,4,4,5,5,3,5,5,3,4,3,4,5,4,3,4,1,2,2,5,5,5,3,1,5,3,5,5
42271192,3,4,3,5,4,4,5,3,4,2,3,1,5,4,5,2,4,2,5,4,4,2,4,2,1,3,3
42271243,2,2,3,5,4,4,4,3,3,3,4,5,3,3,5,4,4,3,3,4,2,3,5,4,4,3,3
42271271,4,4,3,4,4,4,4,3,4,6,5,3,4,3,4,4,5,5,1,1,4,4,1,3,1,3,3
42271272,6,2,3,3,4,4,2,2,4,3,4,3,3,3,2,3,3,3,4,4,3,3,4,4,2,4,3
42271337,6,6,4,4,4,6,4,3,4,6,4,3,4,3,4,3,6,3,5,4,6,3,4,3,2,3,2
42271394,5,5,5,5,1,5,5,1,1,6,3,6,5,5,5,5,5,6,6,6,6,1,6,6,1,6,6
42271395,2,5,2,4,4,4,2,2,4,4,5,1,4,2,5,5,4,2,5,5,3,2,5,4,1,3,4
42271422,5,3,4,4,1,5,5,5,4,3,5,5,5,4,3,5,5,3,1,1,3,3,3,2,2,3,5
42271423,6,6,6,4,4,3,4,1,4,6,2,1,4,2,4,3,2,4,4,3,4,3,4,4,1,3,1
42271424,6,6,6,4,4,3,4,1,4,6,2,1,4,2,3,3,2,4,4,3,4,3,4,4,1,3,1
42280033,6,6,3,5,4,4,4,2,5,6,4,3,5,4,4,2,2,2,5,4,3,2,4,4,1,4,3
42280034,6,6,3,5,4,4,4,2,5,6,4,3,5,4,4,2,2,2,5,4,3,2,4,4,1,4,3
42280110,5,1,3,4,1,3,5,1,5,6,2,3,6,2,4,3,1,1,5,3,5,3,4,5,3,1,3
42280200,4,2,2,4,2,4,4,3,2,4,4,2,4,2,4,2,4,4,2,6,2,4,4,4,2,4,4
42280217,6,6,6,4,4,3,3,4,4,2,4,6,6,6,4,4,4,2,2,6,3,2,4,3,1,4,3
42280258,4,1,5,5,4,4,4,1,5,3,3,1,4,2,5,4,3,1,5,5,5,4,4,4,1,2,4
42280369,3,4,4,6,3,3,5,2,5,4,3,1,6,6,6,4,6,2,5,5,1,1,5,-1,1,3,4
42280370,3,4,4,6,3,3,5,2,5,4,3,1,6,6,6,4,6,2,5,5,1,1,5,-1,1,3,4
42280430,1,5,1,5,5,5,1,1,2,4,4,1,5,4,5,5,4,4,5,5,2,3,1,5,1,4,3
42280523,3,6,6,1,1,5,5,2,6,4,4,1,4,4,2,1,5,2,3,4,1,3,4,2,1,4,5
42280539,3,2,4,4,3,3,4,3,4,2,4,2,5,2,4,2,4,3,4,4,3,3,4,4,1,1,2
42280540,4,3,3,5,2,3,4,2,4,6,4,4,6,3,4,2,4,3,4,5,5,2,5,4,3,6,2
42280588,3,5,1,5,1,1,1,1,5,1,1,1,5,1,5,1,1,1,5,5,1,1,5,5,1,5,5
42280650,3,2,4,5,5,2,3,2,4,4,4,1,3,1,5,2,3,2,4,4,3,1,5,4,2,2,2
42280695,3,3,4,5,3,3,4,1,5,6,3,1,6,1,5,2,1,3,4,4,4,2,3,5,4,4,4
42330479,3,3,3,4,3,3,4,2,4,6,4,2,4,3,3,3,4,3,4,3,2,3,4,3,4,4,3
42340021,5,3,3,2,3,1,5,3,4,1,2,1,5,3,3,4,4,2,6,6,3,6,3,6,1,4,5
42340104,4,2,3,3,5,3,4,2,4,2,4,2,3,3,4,2,2,3,5,3,3,3,5,4,1,3,4
42340125,4,3,3,5,4,4,4,1,4,1,4,-1,3,3,3,6,6,3,3,3,3,4,4,6,6,4,3
42340126,4,3,3,5,4,4,4,1,4,1,4,-1,3,3,3,6,6,3,3,3,3,4,4,6,6,4,3
42340129,4,4,4,4,2,5,4,2,3,2,4,2,4,3,2,4,4,2,4,2,4,2,2,2,2,2,4
42340130,4,4,4,4,2,5,4,2,3,4,4,2,4,3,2,-1,4,2,4,-1,4,2,2,2,2,2,4
42340221,1,4,3,4,1,5,5,3,4,3,5,3,5,4,3,2,3,3,4,3,3,3,5,3,3,5,4
42340223,3,-1,4,5,4,5,5,3,5,6,4,1,5,3,5,4,4,3,2,1,3,2,2,4,1,5,3
42340325,5,2,3,5,3,5,2,5,4,6,5,1,5,5,5,5,3,1,4,2,1,5,5,4,1,4,4
42340373,6,6,6,6,6,4,4,6,6,6,6,6,6,6,6,6,6,6,6,6,5,6,6,6,6,6,6
42340423,3,4,4,5,4,2,4,1,5,6,4,2,4,4,4,3,4,3,4,4,3,2,5,5,1,4,4
44630015,4,3,5,5,2,2,5,2,4,1,4,2,4,3,4,3,4,2,5,4,4,2,5,5,1,4,2
44630037,4,2,3,5,3,4,4,3,2,3,4,3,5,4,4,5,4,2,3,3,3,2,5,4,3,2,1
44630038,5,2,4,5,2,2,4,2,4,2,4,3,5,4,5,5,4,2,3,2,2,2,2,3,1,3,5
44630160,5,2,4,4,4,3,4,1,5,1,5,3,5,4,5,2,4,1,5,4,5,1,4,4,1,3,4
44630231,3,4,4,4,6,5,4,2,4,6,3,6,6,6,6,4,3,2,5,5,5,3,5,5,1,4,3
44630249,2,4,1,5,5,5,4,1,5,6,5,1,4,2,5,5,5,5,4,3,1,5,5,5,1,1,4
44630329,6,6,4,4,3,4,4,5,4,6,4,3,5,4,3,4,3,3,4,6,3,2,4,2,2,1,3
44630344,4,3,4,5,3,5,2,2,6,2,2,3,5,3,3,3,2,2,4,2,3,1,4,4,2,3,3
44630393,4,2,3,4,3,2,4,2,4,4,4,2,5,4,4,4,4,2,2,2,5,3,4,3,2,3,4
44630394,4,2,3,4,3,2,4,2,4,4,4,2,5,4,4,4,4,2,2,2,5,3,4,3,2,3,4
44630465,4,2,1,5,1,5,5,1,2,4,5,1,5,5,5,5,5,1,5,1,1,4,5,5,1,2,1
44630507,4,1,6,4,3,4,4,3,4,6,4,1,4,2,4,4,2,4,1,6,1,5,2,4,1,1,3
44630513,6,4,6,4,4,3,4,3,3,6,4,2,4,4,3,4,4,2,6,3,4,6,4,6,6,6,3
44630670,5,1,3,2,4,4,5,5,1,2,5,3,5,5,5,5,5,1,6,6,6,1,6,6,1,6,6
44630671,5,1,3,2,4,4,5,5,1,2,5,3,5,5,5,5,5,1,6,6,6,1,6,6,1,6,6
44640015,5,2,4,3,4,5,4,3,2,2,4,4,5,4,2,4,4,4,5,5,4,4,5,4,1,3,4
44640016,4,3,3,6,2,5,4,3,2,2,4,5,5,5,3,3,2,2,5,5,2,2,5,3,5,1,5
44640053,5,2,4,2,4,2,5,2,2,2,4,5,5,4,2,4,4,2,4,2,4,1,5,4,1,6,3
44640054,5,2,1,5,1,5,1,1,2,4,5,5,1,4,2,5,2,2,4,1,4,1,5,4,1,6,3
44640073,3,-1,3,4,5,1,3,1,3,1,2,1,3,2,5,3,3,1,5,3,4,-1,5,3,3,3,3
44640117,3,1,3,5,3,1,5,1,3,1,4,1,5,4,5,3,3,2,5,3,2,1,2,4,1,3,3
44640148,4,4,3,3,4,3,4,3,4,3,3,1,5,3,5,4,2,2,4,4,3,1,5,3,1,4,3
44640165,4,3,4,5,4,5,5,3,4,6,4,1,5,2,5,4,4,3,4,4,2,2,5,5,1,5,4
44640256,4,2,4,5,4,5,4,1,4,5,5,3,5,3,4,2,5,4,5,5,1,1,4,5,4,1,1
44640299,4,6,3,4,6,3,4,3,4,6,3,1,5,2,4,3,3,1,2,3,2,1,5,2,1,1,4
44640310,4,2,3,6,1,5,5,1,5,4,4,3,5,2,5,2,2,2,5,2,2,1,5,5,1,5,1
44640315,4,6,2,4,3,2,5,4,4,1,5,1,5,2,5,5,4,1,2,6,4,1,5,4,1,3,2
44640316,2,5,2,4,4,4,3,4,3,6,4,2,6,4,4,4,4,2,4,4,4,5,5,2,4,4,4
44640349,1,4,4,6,3,4,5,1,3,6,5,1,6,1,6,5,5,1,5,5,2,2,4,5,1,4,4
44640350,2,3,3,4,2,4,4,2,4,6,3,1,4,2,6,3,3,1,5,4,3,3,5,5,6,4,4
44640437,4,2,4,6,5,2,5,1,5,1,2,1,6,1,5,2,4,2,5,5,2,1,5,5,1,5,3
44640446,4,1,4,4,3,1,4,2,5,6,4,1,5,2,3,3,3,1,5,1,6,2,5,5,1,3,4
44640456,5,1,5,6,6,6,5,2,5,6,4,1,1,1,6,4,4,2,5,5,2,2,5,4,2,2,4
44640461,5,1,2,5,4,2,5,1,4,6,2,5,5,4,3,5,2,1,4,6,4,1,5,3,2,6,6
44640462,4,3,4,3,3,5,5,2,3,6,5,1,3,3,3,4,2,1,5,4,4,3,5,5,2,3,3
44640508,1,4,3,5,3,4,4,2,3,2,2,3,5,4,5,3,5,4,4,2,2,4,5,3,2,1,3
44640515,3,6,6,5,4,2,3,2,4,3,5,1,4,2,4,3,3,4,3,3,2,3,4,4,1,3,4
44640516,1,5,2,5,5,2,5,3,1,3,5,1,5,4,3,5,3,1,5,4,2,4,5,4,2,4,3
44640542,3,2,4,2,4,5,4,3,3,3,4,1,1,1,3,2,3,3,2,3,4,2,4,4,1,3,3
44640637,2,4,1,3,6,5,5,4,5,6,5,3,5,5,3,5,6,4,4,6,6,5,5,2,2,1,5
44640655,5,3,4,3,3,2,5,3,4,1,5,1,4,3,4,2,5,1,4,5,3,1,5,3,1,1,3
44670012,2,4,4,5,4,3,4,2,2,6,4,2,5,4,5,4,4,2,6,6,2,2,4,2,2,6,2
44670067,4,2,4,4,5,6,4,2,5,2,4,1,4,2,4,2,5,2,5,4,3,4,4,5,1,3,5
44670080,5,1,5,4,4,1,4,1,5,1,2,1,2,2,5,5,2,2,5,5,6,1,4,5,1,5,5
44670195,4,5,4,5,4,4,4,4,5,4,4,3,4,4,5,4,4,4,4,2,2,4,3,3,5,4,5
44670196,4,5,4,5,4,4,4,4,5,3,4,3,4,4,5,5,4,4,4,2,2,4,3,3,5,4,5
44670197,5,5,1,5,1,4,2,2,5,6,4,2,5,4,4,4,4,2,4,4,1,1,5,5,1,1,4
44670208,3,4,4,3,3,2,4,2,4,3,3,1,3,3,3,3,4,2,5,4,3,1,4,5,1,5,5
44670291,4,4,2,4,1,2,5,2,4,3,4,2,5,4,3,3,3,2,4,6,3,2,4,4,1,6,4
44670292,5,3,2,5,2,4,3,2,4,1,5,2,4,3,4,4,4,4,4,2,4,3,4,3,2,2,2
44670347,2,4,2,5,2,5,4,4,2,6,3,1,4,4,4,4,6,3,2,-1,-1,-1,-1,-1,-1,-1,-1
44670377,5,2,5,5,5,1,5,2,2,4,4,1,5,2,5,1,5,3,4,5,3,5,5,5,1,5,3
44670378,4,4,4,5,4,2,4,5,4,6,5,3,5,2,3,4,4,3,4,5,2,2,4,4,1,4,4
44670387,4,4,-1,3,4,3,3,2,3,6,5,3,5,4,4,3,5,5,4,3,3,2,3,6,1,2,5
44670437,4,4,2,4,4,4,4,3,4,3,5,3,4,3,4,4,4,2,4,3,3,3,4,4,2,3,4
44670441,2,4,2,5,4,4,4,2,5,2,2,1,5,2,4,2,4,2,5,5,2,4,5,5,1,4,2
44670522,3,2,2,4,6,3,4,3,3,4,4,2,4,3,3,3,2,3,3,2,3,4,4,2,3,4,3
44690019,6,6,6,4,4,5,5,2,5,1,5,2,4,4,4,2,2,2,5,4,6,1,5,4,1,4,3
44690034,4,3,5,4,6,5,5,4,6,2,3,1,6,6,6,6,6,2,5,5,5,2,5,5,4,5,4
44690050,3,4,3,3,3,4,4,5,4,3,3,5,5,5,3,4,4,4,2,1,6,1,6,1,6,4,3
44690111,4,3,3,5,4,3,3,2,2,-1,2,1,3,4,3,4,4,3,4,2,4,4,2,3,5,2,2
44690159,5,3,5,5,4,4,4,2,5,2,2,2,5,4,4,4,3,2,4,3,4,2,5,3,2,3,2
44690160,4,3,4,5,5,4,4,2,4,2,2,2,5,3,4,2,4,2,4,4,4,4,4,4,2,3,2
44690187,4,3,2,3,2,3,5,4,3,6,4,2,5,4,2,4,4,4,2,1,4,1,4,1,5,3,4
44690188,4,3,1,4,1,2,5,1,3,6,4,1,5,2,4,3,4,4,2,3,2,4,4,2,4,1,2
44690303,6,6,5,3,5,6,5,2,4,6,4,3,4,3,4,5,5,2,4,4,4,2,4,4,6,4,4
44690327,5,1,3,5,3,2,5,3,4,2,3,4,5,4,4,3,2,3,4,3,1,2,5,5,1,1,2
44690328,6,3,3,5,4,6,5,4,4,6,4,4,4,4,4,4,5,4,3,3,6,4,4,4,6,4,4
44692020,3,3,1,5,1,3,5,6,3,4,4,1,5,3,4,4,4,3,6,6,6,6,4,6,1,6,6
47120013,5,1,6,6,6,5,3,1,5,6,1,1,5,3,5,5,1,1,3,6,6,1,1,4,1,4,1
47120030,5,3,4,3,1,5,5,6,3,6,5,3,5,5,3,6,5,6,5,6,4,1,6,2,1,6,6
47120261,3,4,3,6,1,2,4,1,6,6,2,6,6,6,6,4,6,3,4,5,6,2,5,5,1,4,3
47120308,1,2,1,5,4,5,1,2,4,2,4,1,5,1,5,4,5,5,3,3,3,4,5,4,1,3,5
47120321,4,2,4,3,5,1,4,1,5,2,2,1,4,2,4,1,3,1,5,5,5,1,5,5,2,4,3
47120322,5,1,4,4,2,5,4,1,4,6,2,1,5,2,4,4,4,2,4,1,4,2,5,4,1,1,2
47120343,6,3,5,5,4,5,5,4,4,6,4,1,5,2,2,3,3,3,3,3,2,4,5,2,2,3,4
47120376,3,4,5,5,3,2,4,2,3,4,5,1,4,4,4,2,2,4,4,5,4,2,5,4,2,2,4
47120432,2,2,2,6,4,3,4,2,1,6,2,2,6,2,6,1,1,1,5,5,6,3,5,5,6,4,4
47120437,5,4,3,3,4,5,4,3,3,3,5,1,1,3,3,3,4,3,5,4,3,4,4,5,1,4,5
47120489,4,3,2,4,3,2,4,2,3,6,5,4,5,4,4,4,3,3,2,2,4,2,3,2,2,3,4
47120490,4,2,1,5,3,2,4,4,4,6,4,1,2,3,5,4,3,4,2,1,3,2,4,3,1,1,1
47120549,3,2,2,4,4,4,3,1,4,6,5,1,4,2,4,3,4,2,4,4,2,4,4,5,1,3,4
47120587,4,2,4,5,4,4,4,2,4,2,4,2,4,2,4,2,4,2,4,4,3,3,3,3,3,4,4
47120603,3,3,3,4,3,5,5,4,4,4,3,3,5,3,4,3,4,3,3,1,2,2,3,3,2,2,2
47120604,3,3,3,4,3,5,5,4,4,3,3,3,5,3,4,3,4,3,3,1,2,2,3,3,2,2,2
47120623,5,2,4,5,4,6,4,2,5,2,4,2,4,4,5,3,4,2,4,4,4,3,4,4,2,3,4
47120643,3,3,3,3,3,4,4,2,5,3,4,2,4,3,4,3,2,2,4,2,4,4,4,2,2,4,3
47120644,3,3,3,5,3,3,4,3,5,6,5,3,4,3,4,2,3,3,3,2,6,4,4,3,3,4,4
47120665,6,3,6,3,3,4,4,3,3,4,4,3,4,3,3,3,3,3,3,3,3,4,3,3,3,3,3
47120762,6,1,6,4,6,5,4,2,6,6,4,2,6,3,6,4,2,3,1,1,4,5,1,2,1,1,3
47120763,6,1,6,1,1,3,4,2,4,6,3,1,5,3,5,4,2,3,4,1,4,1,5,4,1,1,3
47120768,6,6,6,5,4,3,3,3,4,6,5,3,5,4,4,5,4,3,6,6,5,1,6,1,1,1,6
47120775,3,2,2,5,3,4,4,1,4,6,4,2,5,4,4,3,5,3,3,1,4,2,4,3,2,1,5
47120849,5,1,5,3,3,5,4,2,4,3,3,2,3,2,4,4,3,2,4,3,4,2,5,3,2,1,3
47120871,5,2,4,5,5,2,3,1,5,4,2,3,5,2,4,4,4,4,4,5,2,1,4,4,3,4,4
47120872,5,2,4,5,5,2,3,1,5,4,2,3,5,2,4,4,4,4,4,5,2,1,4,4,3,4,4
47120923,4,3,4,5,4,4,5,3,4,6,2,1,2,2,4,5,3,2,5,2,2,1,5,5,1,2,2
47120924,4,3,4,5,4,4,5,3,4,6,2,1,2,2,4,5,3,2,5,2,2,1,5,5,1,2,2
47120931,4,3,2,4,3,4,4,2,4,2,4,2,4,2,3,2,2,3,4,2,2,2,5,3,2,4,2
47120932,4,3,2,4,3,4,4,2,4,2,4,2,4,2,3,2,2,3,4,2,2,2,5,3,2,4,2
47120939,3,4,3,5,1,1,5,3,2,1,2,1,5,3,5,3,4,1,5,5,3,1,5,2,1,4,4
47121036,5,1,6,6,6,6,5,2,5,6,2,2,4,2,4,2,4,2,4,2,2,4,4,2,1,4,4
47121039,4,3,3,1,5,4,4,2,4,2,2,1,6,6,6,3,4,5,4,2,3,4,4,5,1,5,5
47121116,3,3,3,5,4,4,4,3,3,2,2,3,3,3,3,2,2,3,3,3,3,2,1,4,2,4,4
47122013,6,6,6,4,3,6,5,3,6,2,4,1,5,3,4,2,1,6,4,6,3,5,1,3,4,4,3
47130034,4,2,2,6,1,2,4,2,6,6,1,1,6,1,6,4,1,1,5,5,3,2,5,5,1,4,4
47130065,4,6,4,5,5,2,4,2,4,2,2,1,4,2,4,2,4,2,4,3,2,3,4,3,1,4,4
47130066,4,2,2,2,3,4,5,3,4,1,2,1,5,3,4,4,3,2,5,5,4,2,5,5,1,5,5
47130281,6,3,3,5,3,4,5,3,4,6,4,3,4,3,3,4,3,3,4,6,3,3,4,3,5,6,3
47130286,5,3,6,3,2,4,4,6,6,6,5,1,4,3,2,4,6,2,4,6,6,6,5,3,1,3,3
47130332,3,4,4,5,4,6,6,3,6,3,5,3,5,5,6,6,5,3,4,3,4,3,5,4,3,5,5
47130345,4,1,1,5,2,4,4,2,4,6,4,3,4,2,5,5,4,1,4,4,4,5,5,3,2,3,3
47130387,2,5,5,5,1,5,5,2,5,-1,4,2,5,4,4,4,1,4,5,2,2,2,5,2,2,2,5
47130407,4,3,3,4,4,4,4,2,3,3,4,1,4,4,3,4,3,2,4,4,4,3,2,4,2,4,4
47130442,3,6,3,1,1,2,5,3,4,6,4,1,5,4,1,1,4,2,5,6,3,3,5,5,2,6,2
47130471,5,1,1,5,2,2,5,5,2,5,2,2,5,1,2,5,6,4,2,6,5,2,5,5,-1,1,5
47130533,4,3,3,5,6,4,4,3,3,4,5,2,5,4,3,5,4,4,6,6,4,2,4,3,2,6,3
47130611,4,3,6,3,4,4,4,1,5,1,4,1,4,4,3,1,4,2,4,2,4,2,4,2,1,4,4
47130685,6,6,3,3,3,3,3,4,4,6,5,3,4,4,3,5,5,4,3,6,3,3,6,6,3,3,3
47130729,3,3,4,6,6,2,5,3,5,6,2,1,4,6,6,3,3,3,4,4,3,3,4,4,2,5,3
47130823,6,6,6,3,4,6,4,2,4,6,5,1,5,4,4,4,4,6,4,6,1,1,4,2,1,6,4
50260039,4,2,4,3,3,4,4,1,4,6,3,1,6,3,6,2,2,4,4,5,4,1,6,4,1,5,3
50260077,3,3,3,2,4,4,4,3,3,3,3,2,3,3,4,3,2,4,4,3,4,3,4,2,2,4,3
50260087,6,2,5,5,5,6,5,1,5,6,4,1,4,1,5,1,1,1,5,5,2,2,5,5,1,4,2
50260131,5,5,5,5,5,4,5,3,3,6,3,6,6,6,6,6,6,3,5,5,5,1,6,1,5,5,5
50260144,4,1,2,5,1,2,5,1,2,6,4,3,5,3,4,5,5,1,4,6,4,1,5,2,1,6,2
50260165,2,4,2,3,5,5,3,2,3,3,3,3,3,3,4,5,3,2,5,5,4,2,5,4,4,4,1
50260166,3,3,4,3,3,5,5,1,3,1,4,3,3,3,3,3,1,3,4,2,3,1,4,4,1,1,4
50260181,5,2,4,6,6,1,5,2,5,6,1,1,6,6,6,3,1,1,5,5,6,2,4,5,1,5,4
50260183,2,5,3,6,3,1,5,1,5,6,1,1,4,1,3,1,1,1,5,5,5,2,5,2,1,4,5
50260275,4,3,6,4,3,4,4,2,3,2,4,1,2,2,4,4,4,2,4,2,2,4,4,3,2,4,3
50260276,4,1,6,4,4,3,5,4,4,6,5,1,5,3,5,4,2,1,2,1,4,2,5,4,1,1,3
50270016,6,6,6,6,4,3,4,4,4,6,6,1,4,2,2,4,6,3,4,6,3,6,6,3,3,4,6
50270029,3,3,3,3,3,5,5,5,5,2,2,1,3,3,3,3,2,3,5,2,3,3,2,3,1,3,3
50270030,3,3,2,3,3,5,5,2,5,3,4,1,5,3,3,3,5,2,5,5,5,2,3,5,2,5,5
50270088,5,2,5,4,4,4,4,6,4,6,3,6,6,2,4,6,4,4,5,4,6,6,5,3,6,4,4
50270151,4,2,4,5,4,1,5,1,5,2,2,2,3,1,5,3,2,2,5,3,4,3,5,3,1,5,3
50270163,1,4,2,6,6,6,4,5,2,6,5,3,4,4,3,2,3,2,4,4,6,2,4,4,2,1,1
50270164,4,1,5,4,4,4,4,3,5,-1,4,3,5,2,3,3,4,2,4,-1,-1,3,5,4,1,-1,4
50270166,3,3,2,5,3,5,5,2,3,4,5,2,1,2,4,4,6,3,3,6,6,2,4,1,2,6,6
50270194,3,5,4,5,5,1,4,3,2,6,2,1,5,5,5,4,5,1,5,5,1,2,5,2,1,1,5
50270271,3,3,6,5,4,3,4,2,3,6,2,2,4,3,4,4,2,2,3,1,4,3,6,3,1,3,2
50270287,5,3,3,4,4,2,2,1,5,2,2,1,4,3,4,3,4,1,5,4,6,1,5,4,1,5,3
50270288,4,1,4,5,3,5,5,1,3,6,4,1,5,3,4,5,4,1,5,4,4,2,5,5,1,5,1
50270317,3,2,3,4,2,2,4,3,2,3,5,3,5,5,4,5,4,2,3,6,6,2,4,3,3,6,6
50270318,3,2,3,4,2,2,4,3,2,3,5,3,5,5,4,5,4,2,3,6,6,2,4,3,3,6,6
50270408,3,6,3,4,6,6,3,3,3,3,4,1,4,4,3,4,3,2,3,3,3,3,6,6,6,4,4
50270415,6,6,4,5,4,2,3,2,2,6,4,1,4,3,4,4,4,2,4,6,4,2,5,5,1,4,4
50270426,3,2,5,5,4,4,4,2,1,6,1,3,5,3,3,4,6,2,3,6,5,1,5,2,3,3,3
50270435,3,2,4,5,2,1,4,1,4,3,4,2,4,2,3,3,4,2,5,5,3,1,5,4,1,3,3
50270436,3,2,4,5,2,1,4,1,4,3,4,2,4,2,3,3,4,2,4,5,3,1,5,4,1,3,3
50270439,4,3,3,4,2,2,4,3,3,4,4,1,5,4,3,3,3,2,4,1,1,3,5,4,1,1,3
50270475,4,2,1,1,5,2,2,1,5,2,2,1,3,1,5,4,1,3,3,2,5,4,4,4,1,2,4
50270477,4,4,4,6,2,2,5,1,5,1,2,1,6,6,6,2,2,2,5,5,2,4,4,5,1,1,5
50270478,4,2,4,4,3,2,4,2,6,3,2,5,6,2,4,3,3,3,4,4,6,2,4,4,3,4,3
50270501,3,6,1,3,2,2,4,2,4,2,3,1,5,4,4,4,4,2,2,1,1,1,4,2,1,1,6
50270502,3,4,4,6,6,5,5,2,4,4,4,1,4,3,5,2,4,2,5,4,4,2,3,4,1,4,3
50270516,2,4,3,3,4,5,3,2,4,6,5,3,5,4,4,4,5,4,5,5,3,4,5,5,1,3,5
50270533,1,2,1,5,2,5,4,3,4,3,4,1,5,2,4,4,4,2,2,1,4,1,4,3,2,4,4
50270601,4,6,6,5,2,3,5,1,4,6,5,5,5,4,4,5,5,3,4,3,1,1,5,6,1,1,3
50270611,5,1,4,3,2,3,5,4,3,6,4,3,5,3,3,3,5,1,6,6,2,1,5,6,1,1,3
50270631,5,1,6,6,5,6,5,2,5,1,2,1,4,2,4,4,2,2,4,4,6,2,5,5,1,5,4
50270638,4,2,5,5,6,5,3,3,6,6,5,1,5,3,3,4,5,2,5,4,3,4,4,2,2,4,4
50270639,5,2,4,5,3,1,5,3,6,3,4,3,5,4,4,4,2,2,5,5,6,1,5,3,1,5,3
50270667,3,3,4,5,4,5,5,2,4,6,5,3,5,4,4,4,3,2,4,4,5,2,4,4,2,1,1
50270668,3,3,4,5,4,5,5,2,4,6,5,3,5,4,4,4,3,2,4,4,5,2,4,4,2,1,1
50270775,6,6,6,6,6,5,5,6,6,6,5,3,5,5,4,6,6,6,6,6,6,1,6,6,6,6,6
50270804,4,1,3,3,5,5,4,1,5,4,4,-1,2,5,3,4,-1,6,5,6,4,1,6,6,1,4,2
50270844,6,6,6,5,4,3,4,3,6,6,4,1,4,2,4,3,4,3,6,6,3,6,4,6,1,6,2
50760031,1,5,1,5,4,4,4,5,4,6,5,2,4,3,5,5,4,2,4,4,1,4,5,2,1,4,4
50760043,4,2,3,4,4,2,4,3,3,5,4,3,5,2,4,2,4,4,4,4,3,5,1,3,1,4,2
50760054,4,-1,4,4,3,4,4,2,4,5,4,2,1,2,2,4,4,2,2,1,4,4,5,3,5,4,4
50760085,5,1,2,6,1,2,5,3,4,2,3,2,5,4,5,4,2,2,4,4,2,4,5,2,1,4,2
50760086,4,1,1,5,1,4,4,5,2,4,4,2,5,4,4,5,4,2,3,6,4,4,5,2,2,1,1
50760116,4,2,2,4,4,5,5,4,5,6,4,1,5,5,5,4,5,5,3,1,1,1,1,3,1,4,4
50760131,2,4,2,1,3,5,5,1,3,6,4,1,5,3,4,2,4,4,2,4,1,3,5,4,3,6,3
50760132,1,5,3,1,3,4,5,3,2,6,4,2,3,2,4,3,5,3,3,2,2,3,5,4,4,1,1
50760137,6,3,6,5,3,5,5,3,4,5,5,2,5,2,4,3,6,3,6,6,6,4,4,3,2,6,6
50760209,4,1,3,5,3,3,5,1,3,6,4,1,5,4,4,4,3,1,4,3,4,2,4,4,1,4,3
50760210,4,1,3,5,3,3,5,1,3,6,4,1,5,4,4,4,3,1,4,3,4,2,4,4,1,4,3
50760217,2,4,2,4,1,5,4,3,4,6,4,1,5,3,4,5,5,3,4,4,2,4,5,4,1,3,3
50760247,4,2,3,3,3,4,4,3,3,4,4,2,4,3,4,4,6,4,3,6,3,2,4,2,2,6,3
50760299,3,2,5,5,5,5,4,1,4,4,1,3,5,2,3,1,1,5,5,1,5,3,5,5,1,1,1
50760334,5,3,6,6,6,6,5,3,5,6,5,1,5,3,3,5,6,2,3,1,3,1,5,1,6,6,5
50760337,2,5,2,5,3,5,5,2,4,6,4,2,5,2,4,4,6,3,6,6,6,2,5,3,2,6,2
50760357,5,1,3,5,3,4,4,1,3,1,5,1,4,4,5,3,4,1,3,2,2,1,5,4,1,2,4
50760358,4,2,3,4,3,4,3,1,3,6,4,4,6,3,6,4,1,3,2,5,2,2,5,4,4,1,4
50760394,4,4,4,3,3,3,4,3,4,3,4,3,4,4,4,3,3,3,3,4,4,2,4,4,1,4,4
50760421,4,6,3,3,3,4,4,3,6,6,4,1,6,6,6,6,6,6,4,5,6,3,3,5,6,4,3
50760429,4,4,2,5,4,4,4,1,3,2,5,1,5,4,4,2,1,1,5,3,2,1,5,4,1,3,2
50760447,4,2,4,6,5,2,4,2,4,6,4,1,6,1,6,4,4,3,4,4,6,2,6,6,1,1,3
50760453,4,3,3,4,5,5,3,2,5,1,2,1,4,1,4,2,4,2,4,4,1,2,5,5,1,4,4
50760456,5,2,3,2,3,3,-1,2,6,6,5,1,4,3,3,3,5,2,3,3,3,1,5,4,1,3,6
50760483,5,3,3,5,4,4,4,3,4,3,4,3,4,5,5,1,3,2,4,1,3,4,1,5,1,5,3
50760485,4,2,4,4,4,2,4,2,4,2,2,4,4,3,4,4,2,2,4,4,4,4,4,2,2,5,3
50780009,6,6,3,4,6,2,2,2,4,6,5,1,4,2,4,4,4,2,4,4,6,4,5,5,1,4,2
50780010,3,4,3,4,3,4,4,3,3,3,4,4,4,5,4,3,3,3,4,4,4,3,5,4,1,5,1
50780013,3,3,3,4,3,4,3,3,3,6,5,4,4,4,3,5,5,3,4,5,3,3,4,3,6,5,4
50780055,4,3,6,3,6,5,4,3,3,6,6,4,5,4,4,3,3,3,3,6,6,6,6,3,6,6,6
50780056,6,6,6,3,2,3,4,4,3,6,4,4,4,3,3,4,4,3,3,3,6,6,4,3,6,6,6
50780087,3,4,4,6,6,3,4,3,4,6,3,1,3,2,5,3,4,3,4,4,4,2,4,4,1,4,3
50780088,6,6,3,5,4,2,3,3,5,2,2,1,4,2,4,3,2,2,5,4,3,1,5,5,1,4,4
50780314,2,1,6,4,3,5,4,3,3,2,4,3,5,2,3,4,6,4,3,6,6,1,4,6,2,6,3
50780403,4,4,4,5,3,2,4,1,4,6,4,4,3,2,4,5,5,2,4,4,4,5,5,4,1,4,3
50780404,3,3,2,4,3,2,4,3,4,6,4,3,5,4,3,5,6,4,3,2,1,1,5,3,2,4,3
50780405,3,4,5,5,4,2,4,1,4,1,2,4,3,3,3,2,3,4,3,4,2,1,5,5,2,4,4
52720041,4,2,3,4,3,3,4,2,4,3,4,4,5,4,2,4,3,2,3,2,4,2,4,3,4,4,4
52720109,3,2,3,4,4,4,3,2,4,3,4,3,4,3,5,4,5,4,5,2,2,3,4,4,2,4,2
52720141,2,5,2,5,4,4,3,4,4,6,5,1,5,4,5,5,4,4,5,5,5,4,4,3,2,5,4
52720183,4,2,3,4,1,3,4,3,4,5,3,1,5,3,3,3,3,3,3,1,1,4,4,3,2,2,3
52720229,1,4,2,1,3,4,5,2,4,4,4,4,5,2,5,3,4,2,3,2,1,2,4,2,1,1,1
52720287,5,3,4,5,4,3,4,3,4,2,1,1,3,2,4,3,2,2,4,4,4,2,4,4,2,4,5
52720334,3,3,3,4,4,5,5,3,5,3,4,6,6,6,6,2,-1,5,3,3,3,4,6,5,3,3,2
52720371,4,2,2,5,3,5,3,4,4,6,2,6,5,3,5,5,2,4,3,6,3,4,4,3,1,4,3
52720431,4,4,4,5,4,2,4,3,2,1,4,3,5,3,3,5,4,2,4,2,4,2,5,4,2,2,2
52720432,4,3,4,4,3,4,5,1,5,4,3,1,5,3,5,5,4,2,4,3,1,1,5,4,1,4,4
52720511,5,3,3,4,3,5,5,3,4,6,4,3,4,4,3,4,4,3,6,6,5,2,5,4,2,3,4
52720539,5,3,3,5,5,4,4,2,5,1,5,4,5,4,3,5,4,5,3,3,2,2,5,4,1,3,2
52720540,3,3,5,4,3,4,3,4,4,3,3,3,4,3,4,3,4,4,2,3,3,4,3,6,2,3,4
52720549,3,6,3,4,6,4,4,6,6,6,4,6,4,3,4,4,6,2,4,3,6,6,6,6,6,4,3
52720563,3,2,2,5,3,2,2,3,4,2,4,3,5,4,4,2,4,4,2,2,4,2,5,3,2,4,4
52720571,3,3,3,4,3,2,4,2,4,2,3,2,4,3,2,3,3,4,4,1,4,2,4,4,2,2,4
52720593,6,5,1,5,5,5,4,3,2,3,5,1,5,3,3,4,5,5,1,6,4,3,5,3,1,6,3
52720639,4,3,2,4,4,2,4,2,4,6,3,4,4,2,4,2,3,1,5,5,5,2,5,5,2,4,4
52720643,2,3,3,5,1,5,5,2,4,6,4,1,4,2,5,4,3,1,5,5,4,2,5,5,2,5,4
52720644,4,2,5,5,5,2,2,2,4,1,2,1,3,1,5,2,4,2,5,4,2,2,5,4,2,4,4
52720665,4,4,4,4,4,5,2,1,4,6,2,1,5,2,4,2,5,4,5,5,4,2,5,5,1,4,4
52730004,4,6,4,4,4,3,4,6,3,6,3,6,6,6,6,4,4,4,4,3,6,3,3,4,6,4,6
52730081,4,3,2,5,3,5,5,4,6,6,4,5,5,3,3,4,3,2,6,6,3,3,4,2,1,2,4
52730183,4,2,1,4,2,5,4,1,3,3,4,2,5,3,4,4,5,3,4,3,1,3,4,4,1,4,2
52730184,5,2,2,4,4,5,4,3,2,6,5,4,5,5,4,5,3,3,4,2,4,3,5,4,4,4,4
53060149,4,3,4,2,2,4,3,3,3,6,4,6,6,6,6,4,4,3,4,4,4,4,4,4,4,3,4
53060150,4,2,4,4,4,3,2,2,3,2,2,3,4,2,4,3,2,2,4,2,4,2,4,4,2,2,2
53060177,3,3,3,3,3,4,4,3,2,6,3,1,4,2,3,5,5,4,3,6,1,3,5,3,1,2,2
53060213,4,3,3,2,4,5,5,1,3,6,5,3,5,4,3,5,3,5,1,3,4,4,3,4,1,6,6
53060305,4,3,5,3,4,4,4,2,3,3,4,3,4,3,3,2,3,2,4,4,4,2,4,4,3,4,2
53060380,6,6,6,6,6,6,4,3,3,6,4,3,6,6,6,3,6,3,5,5,5,3,6,4,6,6,5
53060385,4,1,3,4,3,5,5,4,6,6,4,2,5,4,5,5,6,6,6,6,6,3,6,2,2,6,6
53060419,5,1,2,3,2,4,5,2,1,1,4,2,5,4,3,4,4,2,6,6,4,1,2,1,1,2,2
53060420,5,4,4,4,2,3,3,1,3,6,2,6,6,1,5,2,5,2,5,5,3,4,5,4,2,4,3
53060657,4,1,6,4,3,4,4,1,5,1,1,1,5,4,5,1,4,3,5,5,3,1,5,5,1,1,4
53060658,5,2,3,5,2,2,5,2,4,2,4,1,5,3,4,5,4,3,4,4,2,4,3,3,1,5,5
53060715,2,3,2,5,5,1,4,2,5,2,4,3,3,2,5,3,2,4,3,1,3,4,5,4,3,3,4
53060716,4,4,2,4,2,5,4,1,4,2,2,2,1,1,5,2,4,2,4,4,4,4,5,5,4,3,4
53060722,4,3,3,5,4,2,2,2,4,4,4,4,2,2,5,3,2,3,4,4,2,2,5,4,2,4,4
54200016,5,5,4,5,3,2,5,1,4,6,4,1,5,2,4,4,4,2,4,5,3,1,5,5,1,3,2
54200057,3,2,4,1,4,2,3,1,5,1,1,2,5,3,5,1,2,4,5,5,1,1,5,4,1,2,4
54200058,3,2,4,5,2,2,5,2,4,4,5,1,5,4,4,4,5,3,4,4,2,4,5,3,2,1,4
54200069,6,6,6,3,3,1,4,5,5,2,5,1,5,3,3,5,2,1,5,4,3,4,1,4,1,1,3
54200070,5,2,3,5,3,2,5,4,4,3,4,3,5,3,5,5,4,5,2,2,3,4,5,4,2,1,1
54200085,4,2,4,5,4,2,4,2,4,6,2,1,5,2,4,3,6,2,4,4,2,2,5,3,2,4,4
54200161,5,2,5,3,5,5,1,2,5,2,4,1,5,3,4,1,1,4,5,5,2,2,5,5,1,2,1
54200162,3,1,2,5,5,1,1,1,1,1,1,1,5,1,5,3,4,1,5,2,1,1,5,4,2,1,1
54200167,4,1,4,5,3,2,4,1,5,6,4,1,4,2,5,5,4,4,4,2,2,4,5,4,1,1,1
54200168,3,2,3,5,4,2,4,2,4,6,2,1,2,1,5,3,4,3,5,5,2,2,5,4,2,2,3
54200183,2,3,3,4,3,5,4,3,3,6,3,2,4,2,3,3,3,2,4,4,4,2,4,5,2,4,4
54200227,4,2,2,5,4,2,3,3,4,2,4,1,2,4,4,3,2,4,4,4,2,3,4,4,2,4,4
54200233,5,2,3,5,6,5,5,1,3,3,3,2,5,3,3,3,5,3,4,5,3,2,4,5,3,4,3
54200301,2,2,3,5,4,2,5,1,3,2,5,3,2,2,3,3,4,6,1,1,2,4,4,1,2,1,2
54200302,6,6,5,4,3,6,5,1,5,1,1,1,5,5,1,1,1,1,5,2,4,5,1,2,1,1,4
54200327,5,3,4,4,4,4,4,3,3,6,4,2,5,4,4,2,4,4,3,2,4,4,4,2,3,6,2
54200335,3,4,4,6,5,4,4,4,4,6,3,1,2,1,5,3,2,2,5,5,3,2,5,5,1,5,5
54200336,3,4,4,6,5,4,4,4,4,6,3,1,2,1,5,3,2,2,5,5,3,2,5,5,1,5,5
54200341,6,6,4,5,5,6,3,3,5,6,5,2,4,2,4,3,3,3,4,4,4,3,5,5,2,3,4
54200342,6,6,4,5,4,6,4,3,4,6,4,2,4,2,4,3,4,4,4,4,2,4,4,4,2,2,3
54200407,4,2,3,5,4,4,4,2,4,6,2,1,5,4,5,4,4,1,5,4,2,5,5,5,1,3,4
54200408,3,3,2,1,3,4,4,4,4,2,2,1,3,2,4,3,3,2,2,3,2,1,5,5,1,1,1
54200477,4,2,2,4,-1,6,4,6,6,2,4,2,4,2,3,4,6,3,3,6,3,3,4,6,6,6,4
54200478,2,2,2,3,4,2,4,1,3,2,3,1,4,2,1,4,3,2,1,3,4,4,5,1,4,1,1
54200489,6,6,6,4,3,3,4,2,4,2,3,2,4,2,3,4,2,2,3,2,3,2,4,3,2,2,2
54200490,4,4,3,4,3,4,4,3,4,3,3,3,4,3,3,4,4,3,2,2,3,3,1,4,3,4,3
54200563,4,3,3,4,3,4,4,3,4,3,5,2,4,5,4,4,4,4,3,3,4,2,3,3,2,2,3
54200612,6,3,4,4,5,4,4,2,2,2,3,2,4,4,4,2,3,3,4,2,3,2,4,4,2,2,4
54200622,4,4,5,6,4,5,5,3,5,6,4,2,4,2,5,3,5,4,4,4,4,5,5,5,6,4,2
54200661,4,2,3,4,4,4,4,3,5,5,5,1,5,4,4,5,3,1,5,5,2,1,5,5,4,4,3
54200662,5,4,3,4,2,2,4,2,5,2,4,3,5,4,1,4,4,3,4,2,4,4,5,2,3,5,1
54200675,3,6,4,5,3,3,4,2,4,2,3,2,3,2,4,3,3,2,5,4,3,1,5,3,1,5,5
54200685,4,3,2,4,2,2,5,4,3,3,4,2,4,4,4,4,6,2,3,1,3,4,4,1,2,1,1
54200749,6,6,4,4,5,2,4,3,3,6,5,2,5,3,4,3,6,2,5,4,4,1,5,5,1,4,4
54200781,1,5,2,5,3,4,4,5,2,5,5,4,3,2,4,3,4,4,5,4,4,2,4,4,4,1,3
54200782,4,2,4,4,2,4,2,4,5,6,5,3,4,3,4,3,4,5,4,4,2,4,4,4,1,2,1
54200875,6,6,6,4,6,6,4,6,4,6,6,2,4,4,3,4,6,6,6,6,6,6,6,6,6,6,6
54200884,4,3,4,6,3,4,5,1,5,6,1,1,3,2,4,2,3,4,4,4,2,2,4,5,1,5,3
54200981,4,2,5,4,2,4,2,2,2,6,5,2,5,2,4,5,4,1,5,5,2,2,4,4,2,4,1
54201031,4,2,4,5,3,2,2,1,5,1,1,1,3,3,4,3,2,2,5,4,6,1,5,5,3,4,3
54201032,6,3,3,5,4,2,5,2,1,1,2,1,4,3,4,2,6,2,4,4,6,2,4,5,2,4,3
54201091,4,2,2,5,3,4,5,2,3,2,4,2,5,3,4,4,4,4,1,1,2,2,4,2,1,1,1
54201194,4,2,4,4,4,2,4,4,4,6,4,2,4,3,4,2,4,2,4,4,3,2,4,4,2,3,2
54201201,4,4,4,3,2,5,4,3,2,5,5,1,5,3,5,2,3,2,4,3,4,2,4,3,1,3,4
54201220,4,2,4,5,4,3,5,1,5,4,2,1,3,2,5,2,2,4,4,4,2,2,3,2,1,5,3
54201221,3,1,3,5,2,4,4,2,5,2,2,4,4,4,2,2,4,4,4,3,3,4,4,2,1,3,3
54260008,3,3,3,3,3,3,2,2,4,3,2,2,4,1,1,2,4,2,4,3,2,2,4,4,3,2,1
54260043,6,6,6,2,4,3,3,2,3,6,3,1,5,4,4,4,4,2,4,2,2,2,6,2,1,4,4
54260044,6,6,6,3,6,5,5,6,6,6,5,2,5,3,5,5,5,3,3,6,3,4,6,2,1,6,6
54260060,3,2,3,5,3,4,4,3,3,3,4,3,3,3,4,4,2,2,4,2,4,3,4,2,2,2,3
54260075,3,4,4,5,3,4,4,5,3,5,5,3,5,4,3,5,4,3,3,4,5,4,4,4,4,1,1
54260076,3,4,4,5,3,4,4,5,3,6,5,5,5,3,3,4,5,3,4,2,5,3,4,4,5,1,1
54260117,6,6,6,4,4,3,4,2,4,6,4,2,4,2,3,2,6,4,6,6,3,2,4,4,1,3,3
54260118,6,6,6,4,4,3,4,2,4,6,4,2,4,2,3,2,6,4,6,6,3,2,4,4,1,3,3
54260136,6,6,6,4,3,4,6,3,4,6,4,2,3,3,3,3,6,3,3,3,6,2,4,2,2,6,6
54260137,3,1,1,5,5,4,5,2,3,-1,5,1,5,2,5,5,4,4,5,2,1,1,2,4,1,1,5
54260138,6,6,3,5,4,4,5,3,3,6,5,1,5,2,5,5,4,3,5,6,4,3,3,1,1,1,4
54260155,6,6,4,5,4,3,2,3,4,4,4,3,4,2,4,4,4,3,4,4,2,4,4,4,2,3,2
54260172,4,6,6,4,4,4,4,4,4,5,5,3,5,4,5,5,4,3,6,2,6,2,4,2,1,3,3
54260175,2,5,1,5,3,5,5,3,1,3,5,1,5,5,3,5,5,1,5,3,1,1,5,5,4,1,1
54260211,2,4,4,3,2,5,5,1,3,1,5,3,5,3,4,4,4,2,2,6,4,3,3,2,1,6,4
54260212,4,3,4,3,3,2,3,5,4,1,2,1,5,4,4,2,4,2,2,6,2,1,5,5,1,1,2
54260217,4,4,2,5,4,5,4,1,4,2,3,1,5,3,4,3,6,2,3,4,4,1,5,5,2,4,3
54260218,4,2,3,3,4,4,3,2,5,2,3,1,3,2,4,3,2,1,4,3,3,4,5,4,1,3,2
54260229,4,2,3,5,2,2,4,4,5,5,5,2,3,2,5,3,5,3,4,4,3,3,5,4,1,1,1
54260241,3,2,3,4,4,4,4,2,4,6,2,1,1,3,6,2,2,2,5,4,4,3,4,5,1,5,4
54260314,3,3,3,5,4,5,4,4,4,3,4,5,4,3,2,3,4,3,3,2,4,3,4,3,1,3,2
54260327,5,2,4,5,2,5,5,1,5,1,1,1,3,1,5,1,1,1,5,5,5,2,4,5,1,3,4
54260331,2,3,1,5,4,2,5,1,5,2,3,1,5,3,5,5,2,1,5,2,4,4,4,4,1,1,1
54260349,4,4,4,5,4,3,4,3,4,2,2,4,4,3,4,3,2,2,4,4,4,3,5,5,2,5,3
54260350,4,4,4,5,4,3,4,3,4,2,2,4,4,3,4,3,2,2,4,4,4,3,5,5,2,5,3
54260373,4,3,1,4,4,2,5,4,3,6,6,1,5,3,5,4,5,4,3,6,4,2,5,3,1,1,4
54260389,2,5,6,5,3,5,3,4,4,3,5,3,1,3,5,2,5,4,3,6,2,4,5,4,1,4,6
54260390,4,3,1,4,5,5,5,2,1,6,5,2,6,6,6,3,4,4,4,4,2,4,5,3,3,3,5
54260401,6,3,3,6,6,5,6,-1,3,6,-1,6,6,6,6,3,6,2,4,3,3,4,6,4,6,3,3
54260409,2,1,4,5,3,5,5,1,5,1,4,4,5,3,5,5,1,2,4,1,5,4,1,1,2,1,2
54260410,5,1,4,5,6,5,5,3,5,2,4,4,5,3,5,5,6,2,4,5,5,4,1,2,4,1,1
54260417,5,6,3,2,4,5,5,3,5,4,4,1,4,3,4,5,4,3,4,4,5,4,4,4,4,4,5
54260483,6,2,3,5,3,1,5,3,5,4,4,2,5,4,3,5,3,4,2,1,2,5,5,2,1,1,3
54260556,4,3,4,5,2,5,4,1,5,1,2,2,6,2,6,2,4,2,4,4,5,1,5,5,2,5,4
54260567,3,4,1,5,2,2,4,4,4,6,4,4,5,2,4,4,6,5,1,6,4,2,5,3,1,1,4
54260611,5,3,3,3,3,5,5,5,3,6,5,3,5,5,3,5,5,4,2,6,5,2,4,3,3,6,6
54260612,5,3,3,3,3,5,5,5,3,6,5,3,5,5,3,5,5,4,2,6,5,2,4,3,3,6,6
54260695,4,1,3,5,4,2,4,4,5,1,4,1,5,2,5,3,4,2,4,4,2,2,4,4,1,1,1
54260731,3,2,3,5,4,4,4,4,3,2,4,1,6,6,6,3,2,2,4,4,3,1,5,5,1,4,4
54260732,3,2,3,5,4,4,4,4,3,2,4,1,6,6,6,3,2,2,4,4,3,1,5,5,1,4,4
54260750,4,3,3,5,3,3,5,2,4,3,5,4,5,4,3,4,5,3,1,1,4,1,1,1,1,3,3
54260756,5,1,4,3,6,4,4,1,5,1,5,1,3,4,1,5,6,2,5,5,5,1,5,5,1,6,6
54260792,6,6,6,4,6,3,4,6,4,4,4,3,4,4,4,2,4,6,6,6,4,6,6,6,6,6,6
54260870,6,1,3,5,5,2,4,2,5,3,4,1,4,2,5,3,2,1,5,5,1,2,5,5,2,4,4
54260889,3,1,3,2,2,2,4,1,3,1,4,1,5,2,3,4,4,3,2,2,4,3,5,4,3,1,1
54260897,3,1,3,5,2,1,5,1,3,6,5,4,5,5,4,4,6,1,5,6,4,1,5,3,1,6,6
54260925,2,4,2,5,4,5,5,2,4,5,4,3,4,2,1,4,3,6,2,2,2,3,5,2,3,1,4
54260956,5,6,4,5,6,4,4,1,5,1,5,3,6,2,3,2,3,2,4,5,2,2,4,-1,1,3,3
54261011,2,4,4,5,2,1,5,2,4,3,4,2,5,4,4,4,3,4,1,1,4,4,4,2,2,6,4
54261040,4,3,5,5,5,1,4,4,2,3,2,1,4,3,5,3,4,5,1,1,3,5,5,4,1,3,3
54261041,5,3,2,5,4,2,4,4,2,3,4,2,4,2,3,3,4,4,1,2,3,5,5,2,1,1,3
54261110,6,6,3,6,4,4,4,3,4,6,4,6,6,6,6,4,4,2,4,3,4,6,4,4,6,4,3
54261111,3,6,1,5,4,5,5,2,4,6,4,3,5,4,3,3,2,4,3,2,3,3,5,2,6,6,6
54261138,5,2,2,5,2,2,4,2,3,1,5,1,5,4,5,5,5,2,4,2,5,3,5,3,1,4,3
54261190,4,3,3,4,4,5,5,4,4,4,5,2,5,5,4,5,2,2,4,1,4,1,3,2,1,1,1
54261209,6,6,2,5,5,3,4,1,5,3,3,1,3,2,5,2,3,2,3,4,1,3,2,5,2,2,5
54261292,4,2,3,4,3,4,5,5,3,2,5,1,3,2,4,4,2,2,4,3,2,2,4,3,1,3,4
54261326,2,6,6,5,5,1,4,2,5,1,2,1,3,2,3,2,2,2,4,3,6,1,5,4,1,4,3
54261327,2,6,6,5,5,1,4,1,5,1,2,1,3,2,3,2,2,2,4,3,6,1,5,4,1,4,3
54261364,3,3,5,5,1,1,1,1,5,2,4,1,5,3,5,1,1,3,5,2,4,1,5,3,1,4,3
54261408,4,4,3,3,4,2,4,3,4,3,5,1,5,2,4,3,2,6,6,6,2,2,5,1,1,6,6
54261409,2,2,3,5,3,5,2,5,2,6,5,1,5,2,5,5,3,1,5,4,2,3,4,5,1,4,2
54261413,3,2,3,4,3,3,2,2,3,2,4,3,4,2,4,2,2,4,4,4,3,3,3,4,3,4,5
54261430,2,2,1,5,3,2,5,4,4,4,4,1,5,3,4,4,6,6,6,6,4,4,5,2,1,1,1
54261438,5,2,4,6,6,4,4,2,5,1,3,1,6,6,6,2,3,2,5,5,5,2,5,5,2,5,3
54261458,6,6,6,6,6,2,4,2,2,6,3,1,5,4,3,3,3,2,6,6,6,6,6,6,6,6,6
54261491,3,2,3,5,3,2,4,1,4,3,2,2,4,3,4,3,2,2,4,3,3,4,4,4,1,4,4
54261512,3,3,3,4,4,5,3,3,3,2,3,3,3,2,3,3,3,3,4,3,3,4,3,4,1,3,3
54261518,6,6,6,4,4,4,4,3,6,6,4,6,4,3,3,6,6,3,2,6,2,3,4,2,6,6,6
54261519,6,6,6,4,4,4,4,3,6,6,4,6,4,3,3,6,6,3,4,6,2,3,4,2,6,6,6
54261566,4,3,2,4,1,5,4,4,4,6,4,2,5,4,4,5,4,4,2,2,4,4,2,2,1,1,2
54261567,3,3,1,4,1,4,5,2,4,6,4,2,5,4,5,4,4,4,2,2,3,3,2,2,1,2,1
54261626,5,2,5,5,4,3,4,2,5,6,2,1,3,1,5,4,2,5,3,3,4,4,3,5,3,5,3
54261627,4,6,4,5,4,1,4,2,4,6,2,2,4,2,4,3,3,1,5,4,4,1,5,4,2,2,4
54420061,6,6,6,4,2,4,4,3,4,-1,5,3,4,1,4,4,3,3,4,2,3,4,3,4,3,4,4
54420062,6,6,6,4,2,4,3,3,3,3,4,6,4,2,4,4,2,3,4,1,4,4,3,4,3,4,4
54420085,5,2,5,5,5,1,2,3,4,3,3,1,2,2,4,3,4,2,4,4,2,4,4,2,5,2,4
54420119,3,2,5,3,5,4,5,2,5,2,2,1,3,2,3,1,2,2,5,5,5,2,6,5,1,5,4
54420120,6,6,4,5,5,1,2,1,5,6,5,1,4,2,5,2,1,1,5,5,1,2,4,5,1,5,4
54420163,3,3,3,5,5,1,3,1,5,1,4,3,5,2,5,3,3,1,5,3,5,3,5,2,1,4,4
54420363,4,2,4,5,1,2,4,3,3,3,4,1,2,2,3,2,2,2,1,4,3,2,4,4,2,3,3
54420437,5,3,4,3,4,5,5,2,2,3,3,2,5,2,4,4,2,2,1,4,3,3,4,4,1,3,2
54420441,5,6,6,3,6,2,4,3,4,6,6,1,4,3,4,4,4,2,3,6,3,3,4,3,2,6,6
54420563,3,3,3,5,5,5,3,3,3,3,5,5,5,5,5,5,5,5,3,1,1,2,4,3,3,1,5
54420577,4,2,3,5,5,3,4,4,4,3,4,1,4,2,3,4,5,4,4,4,6,4,4,4,1,4,1
54420578,5,3,5,5,5,2,5,2,2,3,5,1,3,4,4,4,4,4,2,2,2,2,-1,4,1,4,4
54420585,5,3,3,4,4,4,4,2,4,2,2,4,4,2,4,4,4,2,4,4,4,4,3,2,2,2,3
54420606,5,3,4,6,4,2,4,2,4,1,4,4,4,2,4,2,1,1,5,5,4,2,4,4,2,3,3
54420643,4,4,2,5,4,2,4,1,5,3,4,1,4,2,5,4,2,1,4,5,4,4,5,4,1,2,2
54420653,5,2,3,5,4,4,4,1,5,1,4,1,4,2,5,5,3,4,4,4,2,5,4,5,5,3,5
54420654,5,1,4,5,5,2,4,1,4,1,3,1,5,3,5,1,3,3,4,1,1,2,5,3,1,1,1
54420688,4,4,6,4,4,4,2,1,5,2,2,1,4,1,5,2,2,4,4,4,6,2,5,2,6,5,5
54420699,5,3,5,5,3,5,3,3,5,2,5,2,2,2,4,4,2,2,5,4,3,5,5,5,2,2,3
54420839,4,4,3,3,3,4,2,2,5,2,2,2,4,3,4,4,4,3,4,3,2,5,5,3,3,2,3
54420840,5,3,1,1,1,1,3,1,5,3,4,2,4,3,3,5,3,1,5,3,2,5,3,2,3,2,2
54420907,4,3,4,5,3,4,4,3,4,6,3,3,4,3,3,5,2,3,4,3,3,3,2,5,2,3,3
54420910,6,6,3,4,3,5,5,3,5,6,5,2,6,6,6,5,6,4,5,4,5,5,4,5,1,6,4
54420971,3,3,3,5,4,3,4,3,4,3,4,2,3,3,5,4,4,3,3,4,5,4,3,4,2,3,3
54420972,3,3,3,5,4,3,4,3,4,3,4,3,4,3,4,4,4,3,3,4,4,3,4,4,2,3,3
54421043,5,1,3,5,3,2,4,1,5,1,3,1,6,2,5,4,3,1,5,4,2,1,4,5,1,3,2
54421061,5,3,3,5,5,2,2,1,5,6,5,3,5,3,4,2,3,3,2,4,2,3,5,4,1,1,3
54421085,3,3,3,5,3,3,4,2,5,2,5,2,4,2,3,4,3,2,5,4,3,2,3,3,2,2,5
54421151,3,3,2,4,4,2,4,3,1,6,4,2,4,2,4,2,4,5,1,2,1,2,5,4,1,1,4
54421189,4,2,6,5,4,4,4,3,4,6,3,1,5,3,4,2,3,2,2,2,4,2,4,3,2,1,2
54421191,4,2,4,5,4,2,4,2,4,2,4,1,4,2,5,5,2,2,5,5,5,2,4,2,2,4,5
54421192,4,2,4,5,4,2,4,2,4,2,4,1,4,2,5,5,2,2,5,5,5,2,4,2,2,4,5
54421201,4,2,2,4,4,2,4,2,4,2,4,2,4,2,4,3,2,2,4,4,4,2,4,4,2,2,4
54421227,4,6,6,6,6,4,4,2,4,6,3,2,6,6,6,3,6,2,4,4,6,6,6,4,6,3,3
54421257,6,6,6,5,6,5,5,1,5,6,2,2,2,2,5,2,2,2,4,4,4,4,2,5,2,3,4
54421282,3,6,4,5,6,3,5,1,3,6,3,1,6,6,5,4,2,3,5,5,5,3,5,5,1,1,1
54421379,4,2,2,1,2,2,4,5,4,6,4,1,2,2,5,4,4,4,2,1,2,3,4,3,1,2,3
54421439,4,3,3,4,3,1,4,3,6,2,4,5,4,3,4,3,4,4,4,5,4,4,5,3,4,1,3
54421440,3,2,3,4,4,4,2,3,4,2,4,4,5,3,4,3,4,3,3,4,3,2,5,2,2,2,2
54429999,5,2,2,4,5,5,1,2,5,3,5,1,2,1,4,3,3,2,4,4,6,4,4,4,1,5,2
54440017,3,1,1,4,1,2,4,4,3,5,5,6,5,5,3,4,3,5,3,5,3,3,3,2,5,1,5
54440058,4,1,4,4,4,3,5,3,6,3,4,2,5,4,4,4,4,3,4,3,4,2,4,4,2,4,2
54440108,5,1,5,6,4,6,5,2,5,6,2,1,4,2,4,1,1,1,5,5,1,1,5,5,1,1,1
54440122,4,2,4,4,3,4,2,3,4,2,4,1,4,2,2,2,3,2,4,3,4,2,4,2,2,4,3
54440123,3,2,3,4,3,2,4,4,4,3,4,2,3,2,4,4,4,4,4,4,4,4,3,2,4,4,3
54440148,6,6,6,5,4,5,5,1,4,6,6,1,5,5,4,6,6,4,6,6,5,5,6,4,1,3,4
54440149,6,6,6,5,3,5,5,1,5,6,3,1,4,4,4,2,3,2,4,2,5,2,4,3,1,4,4
54440188,5,6,3,3,6,5,5,3,1,6,5,3,5,4,3,5,5,2,4,6,6,1,5,1,1,1,1
54440235,5,1,1,5,6,4,5,5,3,6,2,4,5,4,4,4,4,2,3,4,4,2,5,4,1,4,5
54440238,4,3,2,5,4,5,5,4,3,5,5,1,5,4,5,5,5,5,1,1,1,2,1,1,1,1,5
54440239,3,4,4,5,3,4,4,4,3,4,5,3,5,4,5,5,4,5,1,1,5,4,1,4,1,1,4
54440295,4,3,3,4,3,5,5,3,3,3,4,2,5,5,4,4,4,3,4,4,4,3,4,4,3,4,2
54440340,6,6,6,4,3,2,5,3,4,6,4,2,5,5,5,5,3,3,2,1,2,2,4,4,1,2,3
54440341,6,6,6,4,3,3,4,3,4,6,4,2,5,4,4,5,6,3,2,1,1,4,4,4,1,2,4
54440366,6,1,3,4,4,3,3,4,4,2,4,3,5,2,4,4,2,4,3,4,6,2,5,4,2,6,3
54440426,4,3,3,5,1,5,4,1,4,1,1,3,4,1,5,5,5,1,5,5,3,5,5,2,3,2,1
54440438,5,1,1,4,1,5,5,4,4,6,4,1,1,1,5,4,1,4,5,4,1,2,5,5,1,1,4
54440439,4,1,1,5,1,5,4,2,4,3,5,1,1,1,1,3,1,4,4,5,1,2,5,5,1,1,2
54440474,5,4,3,6,4,4,4,5,2,4,5,1,5,4,3,4,5,3,6,6,4,2,5,4,1,4,4
54440475,5,4,3,6,4,4,4,5,2,4,5,1,5,4,3,4,5,3,6,6,4,2,5,4,1,4,4
54440508,4,3,4,5,3,4,5,2,4,3,4,1,5,4,2,2,4,3,3,3,4,2,5,3,1,1,2
54440509,4,3,4,5,3,4,5,2,4,3,4,1,5,4,2,2,4,3,3,3,4,2,5,3,1,1,2
54440528,5,2,3,3,6,3,5,1,1,6,6,2,5,5,3,5,5,3,2,6,6,3,6,6,6,6,6
54440529,5,2,3,3,6,3,5,1,1,6,6,2,5,5,3,5,5,3,2,6,6,3,6,6,6,6,6
54440541,6,6,6,4,4,3,3,3,6,6,5,2,4,2,4,3,4,3,3,3,2,4,5,4,2,4,4
54440560,3,6,6,4,4,4,4,3,4,6,4,2,4,3,3,4,2,6,4,6,2,2,4,3,1,6,6
54440574,5,1,5,4,5,1,5,1,4,1,1,1,4,2,4,1,2,1,5,5,1,4,5,5,1,5,2
54440575,5,2,4,4,4,2,2,2,4,1,1,2,4,2,1,1,3,1,5,4,1,2,5,5,1,4,2
54440582,6,6,5,4,4,4,4,3,5,4,4,2,5,5,5,5,4,3,5,6,3,3,4,3,3,6,1
54440583,6,6,5,4,4,4,4,3,5,4,4,2,5,5,5,5,4,3,5,6,3,3,4,3,3,6,1
54440592,5,2,3,4,3,2,5,2,4,3,5,4,4,3,3,3,2,2,3,1,4,2,4,3,1,3,4
54440704,4,3,6,6,6,4,4,2,3,6,5,1,5,3,4,3,3,3,2,5,6,6,5,3,1,6,6
54440796,3,2,3,5,4,5,4,3,4,2,4,1,4,2,4,4,4,3,3,3,4,2,4,2,2,2,3
54440872,6,3,6,2,3,4,4,1,6,6,6,1,3,2,4,3,6,6,6,6,4,3,6,4,2,6,6
54440873,6,3,6,2,3,4,4,1,6,6,6,1,3,2,4,3,6,6,6,6,4,3,6,4,2,6,6
54440891,2,4,1,5,3,5,5,5,5,3,4,2,5,3,5,5,5,2,4,1,2,4,5,3,1,6,3
54440922,2,4,3,5,2,2,5,2,3,6,5,1,5,2,4,5,4,3,3,1,4,4,4,2,2,1,2
54440949,4,3,2,2,1,3,5,3,1,4,5,1,5,4,3,5,5,3,1,3,4,2,4,3,3,3,2
54440982,4,2,2,3,4,3,4,1,4,-1,2,-1,4,2,4,1,4,1,5,4,2,1,5,4,1,4,4
54440983,4,2,3,4,6,5,5,5,1,6,5,3,5,5,1,1,3,4,1,4,4,1,4,4,1,4,4
54440987,4,3,3,6,4,3,3,2,5,4,3,1,1,1,4,3,3,3,4,5,4,3,5,5,1,4,4
54441060,3,3,3,3,3,4,4,4,4,3,4,3,4,3,3,3,3,3,3,3,3,3,3,3,3,3,3
54441126,3,4,1,5,4,4,4,1,4,1,4,3,4,2,5,3,4,3,5,4,3,4,5,5,1,4,3
54441127,2,3,3,3,3,4,3,2,4,2,2,1,2,1,2,3,4,5,2,2,1,5,5,2,2,1,1
54441132,5,1,1,4,6,5,5,3,5,6,5,1,5,5,3,3,6,4,2,6,4,2,5,3,1,1,3
54540006,1,5,1,4,5,4,4,3,2,6,1,4,1,4,5,4,2,1,4,4,5,4,5,5,4,4,1
54540010,6,6,3,3,3,4,4,3,3,6,4,2,4,4,4,3,4,5,2,2,3,3,4,2,2,2,2
54540021,6,6,5,4,5,5,5,3,4,5,5,1,5,3,3,5,5,3,5,2,3,1,5,5,1,3,1
54540022,6,6,5,4,5,5,5,3,4,5,5,1,5,3,3,5,5,3,5,2,3,1,5,5,1,3,1
54540027,3,3,4,4,4,1,4,2,5,1,1,1,5,2,4,2,2,1,5,4,2,1,5,5,1,4,4
54540059,4,3,3,4,3,3,3,2,4,3,4,3,4,3,4,4,3,3,3,3,3,3,4,4,3,3,3
54540098,2,5,4,5,3,5,5,1,3,6,4,5,5,4,5,5,6,4,4,2,2,1,5,2,6,6,3
54540107,6,6,6,5,4,4,4,3,5,4,3,1,4,4,4,3,4,2,5,4,2,5,2,5,1,4,4
54540135,4,3,2,5,1,5,5,1,4,6,4,4,5,4,4,4,6,6,1,1,2,4,4,2,2,1,2
54540136,2,4,2,5,2,5,4,3,3,6,3,4,4,2,4,4,3,4,3,4,4,3,2,4,2,1,2
54540145,4,2,4,6,4,3,4,2,5,6,1,1,6,1,6,2,6,2,2,4,3,1,4,4,1,3,4
54540163,3,3,5,4,4,4,4,3,4,2,4,2,4,3,4,2,4,4,3,2,2,4,4,3,2,2,4
54540164,3,3,5,4,4,4,4,4,3,4,2,4,3,4,2,2,4,4,3,2,2,5,3,4,2,2,2
54540180,4,1,2,3,1,3,5,3,1,6,4,4,5,5,3,1,6,1,4,4,4,1,5,4,2,1,3
54540184,6,6,6,4,6,6,4,6,4,6,6,3,4,3,4,6,4,3,4,3,3,3,6,6,6,6,6
54540243,4,2,4,4,2,3,5,4,3,3,4,1,4,2,5,1,3,3,2,1,4,3,4,3,1,2,3
54540269,6,3,4,4,4,3,4,2,4,4,5,1,4,2,4,3,3,2,5,2,1,4,4,4,2,2,3
54540270,6,6,6,4,4,4,4,2,5,6,2,1,4,1,5,4,4,4,4,4,4,4,4,4,2,2,2
54540399,2,5,4,5,3,5,5,3,2,6,5,6,5,5,5,5,5,5,1,1,4,2,1,5,1,3,4
54540400,3,3,1,5,2,5,5,4,2,6,4,2,4,2,5,4,3,3,2,1,1,2,3,2,1,4,3
54540426,3,2,3,4,2,3,4,3,4,6,4,3,5,4,3,4,3,3,4,2,4,2,4,3,2,2,4
54540451,4,1,3,4,3,4,4,2,4,3,3,4,4,3,4,4,3,2,4,3,4,2,4,3,2,2,2
54540452,4,2,2,4,2,2,4,2,4,2,2,2,4,2,4,4,2,2,4,2,4,2,4,4,2,2,2
54540466,2,3,2,4,2,4,4,2,4,6,4,2,5,3,4,4,4,2,4,6,2,2,5,2,1,3,2
54540581,2,2,2,5,3,5,4,1,5,1,2,1,4,2,4,4,2,1,5,4,5,2,5,4,1,3,4
54540632,1,4,2,4,4,3,4,1,3,4,2,2,4,3,4,4,4,1,4,4,2,2,5,5,1,2,3
54540662,2,2,2,4,5,2,3,2,2,2,2,1,4,2,5,2,4,4,4,5,2,4,5,2,1,4,5
54540663,4,4,1,1,5,5,4,1,1,6,5,1,5,3,1,2,4,1,5,5,4,1,5,5,2,3,5
54540683,4,3,3,5,1,6,4,3,1,6,3,3,5,3,3,4,3,4,3,2,2,3,5,5,3,6,4
54540713,4,4,5,5,5,2,4,1,5,2,2,1,4,2,5,3,2,4,4,3,4,1,5,5,2,4,4
54540714,5,2,6,4,4,4,4,2,4,2,3,3,3,2,4,4,3,2,3,2,3,4,4,3,2,1,3
54540811,3,2,3,4,4,4,2,2,2,3,2,4,3,3,3,4,1,3,2,1,3,2,4,5,5,4,3
54540812,4,3,4,3,4,4,4,2,1,2,1,4,4,3,2,4,2,1,3,2,2,3,4,4,2,3,4
54540853,2,4,2,5,4,5,5,2,4,5,5,3,5,4,5,5,5,4,4,3,4,4,5,4,2,2,5
54540858,4,4,4,4,4,5,4,3,6,6,4,4,5,5,4,4,2,2,4,6,4,2,4,2,1,1,3
54540888,6,6,3,4,4,4,4,2,4,6,4,3,4,4,4,4,3,3,2,2,6,2,4,2,2,2,4
54540917,3,2,5,6,5,2,2,2,6,2,4,1,5,2,5,3,4,2,1,6,1,3,5,4,1,2,1
54540918,4,1,4,5,5,1,4,2,3,1,2,1,3,3,4,3,3,2,3,2,3,2,4,4,2,4,3
54540951,4,2,3,2,5,5,4,1,4,6,3,3,4,4,3,4,4,3,4,4,4,4,3,3,3,6,1
54540955,4,2,3,5,4,2,4,1,5,3,3,1,5,1,5,3,3,2,2,3,1,5,5,2,1,1,3
54540965,6,6,4,5,4,1,3,1,4,6,4,3,5,3,4,4,4,4,5,1,3,3,5,4,4,1,4
54540966,6,6,4,5,4,1,3,1,4,6,4,3,5,3,4,4,4,4,5,1,3,3,5,4,4,1,4
54540989,3,4,2,5,4,5,4,5,3,4,2,5,5,5,3,3,3,1,5,5,4,2,5,4,4,3,2
54541011,4,6,4,6,6,5,5,6,4,6,4,1,6,6,6,2,2,2,4,4,4,4,4,4,6,4,6
54541019,5,1,5,5,6,5,6,3,1,6,5,3,4,5,5,5,5,5,1,5,6,1,5,5,1,6,6
54541020,5,3,6,6,6,2,4,2,5,5,5,3,5,5,5,5,5,5,1,1,6,3,5,6,3,1,1
54541039,4,2,2,5,4,2,2,2,4,2,1,3,5,3,4,4,4,3,4,3,2,2,5,4,2,4,3
54541041,4,3,3,3,2,5,5,1,3,4,5,1,5,4,3,4,4,3,2,4,2,1,4,3,2,3,4
54541081,6,6,5,6,4,3,3,3,5,6,3,1,3,6,6,3,1,1,5,4,6,2,6,5,1,3,1
54544037,5,6,4,5,4,2,4,3,4,6,5,3,5,2,4,4,2,2,5,5,4,2,5,5,2,1,2
56080019,3,3,4,2,4,3,4,2,4,2,4,3,4,2,3,2,3,2,4,4,3,2,4,4,2,4,3
56080029,4,3,4,4,5,3,2,5,3,2,5,1,3,2,4,3,3,3,4,4,3,3,4,4,1,3,4
56080061,5,6,3,5,6,6,3,3,5,6,3,1,1,1,5,4,6,2,5,5,4,4,4,4,1,5,4
56080065,5,2,3,4,4,2,5,1,4,2,5,1,5,4,5,4,4,2,5,4,4,1,5,5,2,2,1
56080075,4,3,6,5,4,3,5,2,5,4,4,4,5,4,4,2,3,2,5,5,5,1,5,4,1,4,4
56080089,5,3,2,5,2,4,4,2,3,4,4,1,4,3,4,4,3,2,2,1,4,3,4,2,3,3,3
56080090,5,4,2,5,2,4,5,3,4,4,4,2,4,4,3,4,3,2,2,2,4,1,5,2,2,3,3
56080105,4,4,4,4,3,4,-1,6,4,6,4,6,6,2,6,2,4,6,4,4,4,6,4,4,6,2,3
56080129,4,3,4,5,5,2,3,2,4,4,3,1,1,1,5,4,1,1,4,4,2,3,5,5,1,4,4
56080130,4,2,5,4,4,3,4,2,5,4,3,1,4,2,4,4,4,2,4,4,3,3,4,4,2,4,4
56080176,5,2,2,3,4,3,4,3,3,3,5,1,5,3,2,3,2,3,2,1,4,1,5,3,2,3,2
56080245,4,1,4,4,2,4,4,2,4,2,4,2,4,4,4,4,3,3,3,3,2,2,2,4,2,2,2
56080246,5,1,5,5,5,5,5,3,3,4,4,3,4,4,4,4,4,2,3,3,3,3,3,4,3,4,4
56080315,4,1,3,5,4,4,5,2,5,1,4,1,4,2,5,2,3,1,3,3,4,5,4,4,1,1,4
56080316,3,4,2,5,4,4,3,2,4,1,2,1,4,2,4,3,2,2,6,6,4,1,4,3,3,2,1
56080325,5,6,3,4,3,6,5,2,4,6,5,3,5,4,2,5,4,4,3,3,5,4,5,3,5,5,5
56080562,4,3,3,3,1,5,3,3,2,3,3,2,4,3,4,3,3,2,4,3,4,2,4,3,2,4,3
56080623,2,4,2,5,3,3,5,4,4,6,4,1,5,3,4,4,5,4,2,6,2,3,4,3,1,2,3
56080781,2,4,2,4,3,5,5,3,3,6,4,6,5,4,4,5,3,3,2,6,4,3,1,3,3,1,4
56080782,2,4,2,4,3,5,5,3,3,6,4,6,5,4,4,5,3,3,2,6,4,3,1,3,3,1,4
56080828,2,3,3,1,2,6,4,4,5,6,5,1,5,2,5,4,6,3,3,2,1,3,4,2,3,2,2
56080897,4,2,4,5,2,5,5,4,4,3,5,2,5,4,5,5,5,5,2,1,2,2,5,4,2,1,5
56080898,5,3,4,4,1,5,5,2,4,5,5,1,5,4,5,5,4,5,1,2,2,4,5,3,2,1,5
70130057,4,2,4,4,5,4,5,5,5,2,2,6,5,4,6,3,2,1,5,-1,-1,-1,-1,-1,-1,-1,-1
70130105,3,3,4,5,5,3,3,2,4,5,3,2,3,3,4,2,4,3,3,3,2,3,4,3,2,3,3
70130106,6,6,3,6,3,4,4,3,4,2,3,6,6,6,6,3,6,3,4,4,2,3,4,5,6,2,4
70130149,4,2,4,5,4,3,4,3,4,4,4,2,3,2,4,3,3,4,4,4,2,3,5,5,2,2,3
70130259,4,3,2,6,5,3,3,2,5,6,3,1,6,6,6,4,3,3,4,3,2,4,6,5,1,5,4
70130275,6,2,3,4,3,4,4,2,4,6,2,1,6,6,6,3,6,2,4,4,2,2,4,4,4,2,3
70130293,3,3,3,4,3,2,4,2,4,4,4,1,4,4,4,4,4,2,4,6,3,2,4,3,1,4,4
70130294,2,4,1,5,3,2,2,1,3,3,3,2,4,2,3,4,4,4,4,3,2,3,4,4,3,2,2
70130349,4,2,3,4,5,2,2,2,5,1,1,1,5,5,5,1,5,2,5,5,2,1,5,5,1,3,4
70130388,5,1,3,5,4,2,3,2,4,6,4,1,4,2,4,5,1,1,5,5,5,1,5,5,2,1,1
70130402,4,3,4,4,5,3,4,5,4,6,4,3,4,3,4,3,3,4,3,2,3,3,6,4,2,2,2
70130414,4,3,3,5,4,4,4,4,4,2,4,5,5,2,5,5,3,4,4,2,3,4,-1,4,2,2,2
70130419,6,6,-1,4,5,-1,-1,-1,-1,6,4,-1,6,6,6,4,-1,2,4,4,4,1,4,4,6,3,2
70130507,6,6,4,5,4,3,4,3,4,6,3,1,5,3,4,4,6,3,4,3,4,3,4,6,6,6,4
70130508,6,6,4,4,5,3,4,3,4,4,4,1,4,3,4,4,4,3,4,3,4,5,4,6,6,6,3
70130662,3,3,6,3,6,4,4,2,2,6,4,3,5,4,2,5,6,2,3,6,3,2,6,3,2,6,2
70130666,4,2,3,3,4,2,4,2,5,3,4,4,4,4,4,5,3,2,4,4,4,4,4,4,4,3,5
70130723,4,4,4,4,3,5,4,3,4,3,3,2,4,4,4,4,4,4,3,4,3,4,4,3,3,2,4
70130765,4,3,5,5,1,4,4,1,4,3,2,1,1,1,5,2,4,4,5,5,3,1,4,5,2,4,3
70130766,5,2,5,6,2,4,5,2,4,1,2,1,6,1,5,4,1,2,5,5,3,1,5,5,1,5,3
70130777,4,1,4,4,4,3,3,2,3,2,4,1,4,2,5,4,3,2,2,4,2,3,4,4,2,4,2
70130778,5,1,3,4,3,2,4,2,4,1,4,1,5,4,4,4,4,2,4,3,4,1,5,4,1,2,3
70130787,5,1,3,4,4,1,4,1,5,1,2,1,5,3,4,2,3,1,5,2,4,1,4,4,1,3,4
70130792,6,6,6,4,6,3,5,5,3,3,5,1,5,3,3,3,5,3,2,3,5,5,4,3,1,1,3
70130805,5,5,5,5,5,5,5,3,4,1,1,1,5,2,5,1,3,5,5,5,5,3,4,5,6,5,5
70130807,4,3,3,4,3,3,4,2,4,3,4,3,4,2,3,2,2,4,2,2,4,2,4,2,2,2,3
70130808,2,4,2,6,6,5,5,2,5,6,4,2,5,3,4,4,3,4,3,6,4,4,4,4,3,3,3
70130813,5,4,4,5,4,4,5,3,4,4,3,1,5,4,3,4,4,4,3,3,3,4,3,3,3,5,3
70130835,5,1,3,4,3,3,5,3,3,3,2,3,5,4,4,3,2,2,5,4,5,2,5,5,3,4,2
70130867,4,3,3,6,3,6,4,4,4,6,4,6,4,3,4,4,4,2,4,5,4,2,4,4,3,2,4
70130868,4,3,3,6,6,5,4,3,4,6,4,2,6,6,6,4,4,3,5,4,5,3,4,4,4,3,2
70130905,3,4,4,4,4,5,3,1,4,4,4,2,4,3,4,3,4,4,3,3,4,1,5,4,3,2,4
70130947,4,3,3,5,4,2,4,1,5,1,1,1,5,4,4,4,4,3,4,4,2,2,5,5,1,3,4
70130948,4,6,4,-1,4,3,2,1,5,1,4,1,4,1,4,3,4,3,4,-1,-1,-1,-1,-1,-1,-1,-1
70130951,6,6,1,5,1,1,5,3,4,6,3,2,5,4,3,2,2,2,3,2,2,2,4,2,1,1,1
70130952,6,6,2,5,2,2,5,3,4,6,3,2,5,4,3,2,2,2,3,2,2,2,4,2,1,1,1
70130969,5,2,2,5,2,2,5,2,4,2,2,3,5,4,5,2,2,2,5,4,4,5,1,4,2,1,2
70130998,3,4,3,6,3,3,4,2,3,6,5,2,6,3,5,3,4,4,5,5,4,4,5,5,3,1,1
70131013,3,4,2,5,1,5,5,1,1,3,4,1,4,2,4,4,2,3,2,1,3,4,4,4,4,1,2
70131063,3,-1,2,2,3,3,5,3,4,4,4,1,5,2,2,3,3,4,5,4,1,2,4,4,3,4,4
70131064,3,3,3,4,3,3,4,3,4,4,4,2,4,2,4,4,3,4,4,4,2,2,4,4,3,4,4
70140005,3,2,4,2,4,4,3,1,4,6,1,1,3,3,3,3,1,2,5,3,2,2,4,4,1,4,4
70140006,6,6,3,4,2,3,4,5,4,6,5,3,5,4,2,4,4,2,6,6,4,2,3,2,1,1,3
70140010,5,3,3,4,2,2,5,5,4,4,4,1,1,1,1,5,1,5,5,5,5,1,2,5,1,5,4
70140027,4,6,6,4,5,4,5,3,4,3,5,2,4,3,4,4,4,3,4,4,4,3,5,4,3,2,4
70140059,2,2,2,4,2,4,4,2,3,2,4,2,3,4,3,4,2,2,3,4,3,2,3,2,2,4,4
70140060,2,2,2,4,2,4,4,2,3,2,4,2,3,4,3,4,2,2,3,4,3,2,3,2,2,4,4
70140078,4,2,1,5,5,5,5,4,5,1,4,1,5,1,5,5,5,3,5,5,4,1,1,5,2,5,5
70140103,4,2,3,5,4,2,4,2,3,4,4,1,2,2,4,5,4,2,3,4,2,3,4,4,1,4,4
70140136,4,3,5,4,1,5,5,3,4,6,1,1,6,1,5,3,1,1,5,5,2,2,4,5,1,4,4
70140141,6,3,4,5,4,2,3,2,4,2,4,1,4,2,5,2,3,1,3,4,2,2,5,5,1,1,1
70140142,6,6,5,5,2,5,5,1,5,6,4,1,4,2,4,1,4,1,5,5,2,4,5,5,5,4,5
70140190,5,4,3,5,6,6,4,1,5,1,5,3,5,5,3,4,5,2,4,5,5,1,5,2,2,5,3
70140229,4,3,6,5,2,4,4,2,4,3,4,2,5,4,5,5,5,1,5,1,2,1,1,1,1,1,1
70140237,3,3,3,3,3,3,3,3,3,4,5,1,3,2,5,5,5,3,3,3,2,3,3,4,2,4,4
70140247,4,3,4,4,3,3,4,3,4,4,5,4,4,4,5,4,4,4,4,4,4,3,3,4,1,3,4
70140248,4,3,4,5,3,2,5,2,4,4,5,3,5,5,4,5,5,5,3,3,3,4,4,3,2,4,4
70140251,5,2,3,5,6,5,5,1,5,6,5,1,5,5,5,5,5,3,4,5,5,2,5,-1,1,4,3
70140281,4,4,4,5,4,4,4,2,3,2,5,2,5,2,4,4,4,4,4,6,2,2,4,2,6,6,2
70140294,3,2,3,3,6,3,4,2,3,6,6,2,4,4,3,4,6,3,3,4,4,2,3,6,2,4,3
70140295,2,4,2,5,2,3,3,2,5,2,2,1,5,3,4,3,4,4,4,4,4,4,2,2,2,4,3
70140357,6,3,4,5,5,3,4,3,5,6,3,1,5,3,3,2,-1,1,4,2,1,2,5,4,1,1,1
70640218,3,4,6,5,3,3,2,3,4,6,5,2,5,4,4,3,4,1,5,5,5,4,2,4,1,5,4
70740007,4,3,4,4,4,4,4,1,5,4,4,1,4,3,4,3,4,4,4,4,4,1,5,4,3,3,3
70740029,6,6,6,3,5,6,5,1,5,6,5,1,5,4,4,3,1,1,5,2,5,4,6,4,1,4,3
70740047,4,3,4,2,3,2,3,3,4,3,2,3,5,2,4,2,4,2,5,4,4,2,4,4,2,3,4
70740079,4,2,3,4,4,2,4,2,6,3,2,1,5,5,4,4,4,4,4,4,4,4,2,4,2,3,4
70740120,4,3,2,3,3,4,4,3,3,3,3,1,4,3,3,3,3,2,4,3,3,3,4,4,2,4,3
70740127,3,2,1,5,4,2,2,1,3,4,3,1,5,5,5,5,5,1,2,4,1,4,5,1,1,1,3
70740128,3,2,2,4,4,4,4,2,3,4,6,1,5,4,4,4,4,2,3,3,2,4,4,1,1,1,2
70740134,6,6,3,4,4,4,4,3,4,2,4,4,5,4,4,4,3,4,4,2,3,5,3,6,2,3,4
70740135,4,3,3,4,4,3,4,4,3,2,4,4,5,4,4,4,4,2,4,3,4,5,3,4,2,4,4
70740171,3,5,4,6,4,6,1,1,5,6,4,1,3,2,4,1,4,2,4,2,6,3,5,5,1,4,3
70740172,5,1,4,5,3,1,5,2,5,4,4,3,5,2,5,3,4,4,4,4,4,5,4,5,1,5,4
70740182,6,6,6,5,3,5,6,5,3,6,5,3,5,1,5,5,6,5,1,6,5,3,6,1,1,6,4
70740186,6,6,6,1,6,3,4,3,6,6,4,4,4,3,5,5,6,3,3,6,3,2,3,6,6,6,6
70740215,4,3,3,4,4,4,5,2,3,2,4,2,4,4,3,4,4,3,3,3,4,2,4,4,2,4,3
70740257,5,2,3,5,4,2,4,1,4,3,4,1,5,2,5,1,1,4,3,2,3,1,2,2,1,4,3
70740266,6,6,4,4,5,2,4,2,4,6,2,1,4,4,5,2,2,1,4,5,6,1,5,4,1,1,1
70740299,5,2,3,4,4,2,2,2,4,2,2,1,4,2,5,2,2,1,5,5,2,4,4,2,1,3,3
70740427,6,6,4,4,4,3,5,2,4,6,4,1,4,4,4,2,2,2,4,4,4,4,4,4,1,2,4
80630371,3,3,3,4,3,4,4,3,4,3,3,2,4,4,3,4,4,4,3,3,2,3,4,4,2,2,3
90300005,5,1,3,5,5,1,5,2,3,1,3,6,4,1,1,5,1,5,2,1,5,4,4,5,2,3,3
90300011,5,6,4,5,4,4,5,4,2,6,4,6,4,3,5,5,3,6,6,6,3,2,2,2,1,4,4
90300012,5,6,4,5,4,4,5,4,2,6,4,6,4,3,5,5,3,6,6,6,3,3,2,2,6,4,4
90300013,6,6,3,5,5,3,4,3,5,6,4,1,5,1,5,2,1,3,4,1,1,3,3,5,6,4,4
90300075,3,3,2,3,3,5,5,3,4,3,4,2,5,4,2,3,3,3,4,1,3,3,5,3,1,2,3
90300088,2,3,4,5,4,2,5,2,4,6,4,1,5,4,5,5,5,5,4,4,3,3,4,4,3,4,4
90300114,2,3,2,4,3,2,4,3,4,2,3,2,5,3,4,4,4,3,4,4,4,2,4,3,2,6,2
90300122,4,2,3,5,3,4,4,5,4,2,5,1,5,3,4,5,4,4,2,3,2,5,3,2,1,3,5
90300138,6,6,6,5,5,6,4,4,4,6,5,4,4,4,5,5,4,4,4,6,6,2,4,2,1,6,2
90300157,6,6,6,4,6,3,5,3,2,6,6,1,5,5,4,4,6,6,6,6,4,3,4,1,1,6,6
90300158,6,6,6,4,6,3,5,2,3,6,3,1,5,5,4,4,6,6,6,3,4,4,6,3,1,2,2
90300161,3,3,4,4,3,3,3,2,3,3,2,3,4,4,4,4,4,4,3,4,2,3,4,2,2,3,2
90300284,4,2,3,5,4,2,4,3,4,6,4,3,5,3,2,4,5,4,4,1,3,1,4,3,2,2,3
90300309,4,6,3,6,6,3,3,3,3,6,4,3,4,3,4,3,4,3,5,4,2,3,4,5,1,4,3
90300331,4,2,2,3,2,1,1,2,3,2,3,1,4,4,3,3,3,3,3,2,4,3,4,2,2,2,4
90300336,4,3,6,5,4,5,3,3,5,6,5,6,6,6,6,5,3,5,4,3,5,3,5,5,1,1,1
90300344,3,2,3,3,4,5,4,3,5,6,3,2,4,4,4,3,6,3,4,4,4,3,2,6,1,3,2
90300345,5,1,4,5,5,2,4,2,5,1,2,1,4,1,4,3,2,2,4,3,2,2,4,5,1,2,3
90300346,5,1,4,5,-1,2,4,2,5,1,2,1,4,1,4,3,2,2,4,3,2,2,4,5,1,2,3
90300367,4,1,3,4,3,3,4,4,4,3,4,1,4,4,4,3,4,3,4,2,2,4,2,3,3,4,4
90300375,4,3,4,5,3,3,3,3,4,3,4,2,4,3,4,2,4,3,4,4,4,2,4,3,1,2,3
90300385,5,6,1,2,3,3,4,2,4,6,5,3,5,4,3,3,4,2,3,6,1,4,6,3,1,1,3
90300423,6,6,6,6,3,6,4,6,4,6,4,3,4,4,4,4,3,6,4,3,6,4,4,4,1,1,3
90300470,3,2,2,4,4,2,2,1,3,1,4,1,4,2,3,2,1,4,3,3,3,3,5,4,1,3,4
90300496,3,6,1,5,4,4,2,1,5,2,4,1,5,3,5,2,6,6,5,1,3,4,4,4,2,4,4
90300555,5,3,3,5,3,3,4,2,4,6,4,3,4,2,4,3,2,4,4,4,4,1,4,4,2,4,4
90300557,6,6,4,4,4,6,4,6,4,6,5,3,4,4,4,3,6,4,4,6,3,4,3,4,6,6,4
90300602,4,3,3,4,3,2,4,3,3,3,4,3,4,4,4,4,3,3,3,3,4,4,4,6,6,3,3
90300795,4,3,2,6,3,4,4,2,5,3,4,3,5,2,4,4,4,4,3,1,2,2,5,4,1,2,3
90300827,6,2,4,2,4,4,4,2,4,6,4,3,5,2,3,4,4,2,5,1,5,1,5,4,2,1,4
90300837,5,2,2,4,3,4,4,2,4,2,4,1,4,4,5,4,4,4,2,2,4,5,4,4,3,4,4
90300838,5,2,2,5,2,5,4,2,5,1,1,1,4,5,4,3,4,2,2,4,1,1,4,4,1,2,3
90300909,5,2,4,5,2,2,4,3,4,4,4,2,4,2,5,3,4,3,2,2,2,2,4,4,2,1,2
90300910,5,2,4,5,2,2,4,3,4,4,4,2,4,2,5,3,4,3,2,2,2,2,4,4,2,1,2
90300943,3,3,3,3,3,3,3,3,3,3,4,3,3,3,3,3,3,3,3,3,3,3,6,3,6,3,3
90300953,5,1,3,3,6,3,4,1,5,1,4,1,3,1,4,2,1,2,4,4,1,3,5,4,1,4,4
90301009,4,2,4,5,2,3,4,2,2,3,4,2,5,2,5,4,5,3,4,2,2,2,4,2,2,4,3
90301010,4,2,4,5,2,3,4,2,2,3,4,2,5,2,4,4,5,3,4,2,2,2,4,2,2,4,3
90301034,6,6,6,4,5,2,4,1,5,6,2,2,4,2,5,2,2,2,5,4,2,2,4,4,1,4,4
90301035,6,6,2,5,3,4,4,2,4,6,4,1,5,2,4,4,4,3,2,1,4,2,4,2,1,1,3
90301060,3,3,3,4,4,3,3,2,4,3,4,2,3,2,3,4,4,3,3,3,3,3,3,3,3,3,3
90301084,4,2,3,4,4,3,2,2,5,2,3,2,4,2,2,2,4,3,4,4,4,2,5,5,1,3,4
90301094,6,6,6,5,5,4,4,5,5,6,5,1,4,3,4,5,4,5,4,4,5,5,6,6,6,6,1
90301125,4,2,2,4,3,4,4,3,5,6,3,2,4,3,4,4,3,3,4,4,6,3,2,4,6,3,3
90301139,4,6,5,4,4,4,4,4,5,3,2,3,4,5,4,4,4,6,2,1,1,2,5,4,4,2,1
90302015,5,3,4,5,3,5,3,3,3,4,5,3,2,2,2,2,3,5,4,5,4,2,2,3,2,3,3
90302016,4,4,4,3,3,4,3,1,3,3,4,4,3,3,3,4,3,3,3,3,3,3,3,1,3,2,3
90302017,4,3,4,5,3,4,3,3,3,4,4,3,2,3,2,2,3,5,4,4,4,2,2,3,2,3,2
90302018,5,3,4,5,3,5,3,3,3,3,4,5,3,2,2,2,2,3,4,5,4,2,2,3,2,3,3
90320070,3,4,4,5,5,4,4,3,5,3,4,1,1,3,3,3,2,3,4,4,4,4,6,4,6,4,4
90320178,4,4,4,4,4,2,6,2,4,2,2,1,3,2,4,2,3,2,5,3,3,2,5,5,2,4,3
90320344,4,2,4,4,3,2,4,2,4,1,5,2,4,5,4,2,4,4,4,4,2,2,5,4,1,4,2
90320350,3,3,3,5,4,2,3,3,4,6,4,3,4,2,5,3,3,5,4,5,2,4,4,4,2,4,5
90320365,4,3,3,5,5,5,5,5,5,5,5,4,4,4,4,4,4,3,4,3,4,4,4,3,4,3,3
90320388,5,3,2,5,4,3,3,2,2,4,4,1,4,6,4,4,4,2,5,3,1,2,5,2,2,2,2
90320450,3,3,3,5,3,5,5,3,3,6,5,1,5,5,5,5,5,3,3,5,3,2,4,6,6,6,3
90320560,5,6,5,6,5,6,4,1,5,1,1,1,3,1,3,3,1,1,5,5,3,1,1,5,1,5,4
90320623,4,1,2,5,1,1,5,3,4,3,4,1,5,4,5,5,1,3,5,4,1,1,5,5,1,4,2
90320643,4,2,3,3,4,2,4,2,4,6,2,1,4,2,4,2,2,2,4,4,3,4,4,4,2,4,3
90320647,3,3,3,4,3,5,5,3,5,3,4,2,3,4,4,2,3,4,2,4,3,4,4,4,1,4,4
90320660,5,3,3,3,2,3,5,2,2,3,3,2,5,3,5,5,5,4,2,1,3,-1,1,3,3,4,3
90320676,2,4,2,6,2,5,5,2,3,6,4,1,6,2,4,4,2,2,4,4,2,5,4,5,2,4,2
90320677,5,1,2,4,5,3,4,1,5,6,4,1,5,3,5,1,1,3,5,4,6,2,5,4,1,4,3
90320680,5,1,4,5,5,1,5,1,4,-1,2,1,4,3,2,2,2,2,5,5,3,1,5,4,1,4,3
90320689,4,3,4,4,4,2,2,2,4,4,4,1,4,2,5,3,4,4,4,4,2,4,2,2,2,4,3
90320692,4,1,4,5,3,5,4,1,4,6,2,1,2,2,5,5,3,4,5,1,5,1,5,5,1,4,4
90320693,5,2,3,4,2,2,4,2,2,2,5,3,5,5,4,2,3,4,4,5,3,2,4,4,1,5,4
90320700,4,2,3,4,3,2,4,3,4,2,5,1,5,5,4,4,1,2,5,4,4,4,4,4,1,4,3
90320710,6,6,6,4,5,5,4,1,5,6,4,1,2,-1,1,3,2,2,4,3,4,4,6,5,6,2,4
90320713,5,2,3,3,2,4,4,2,4,3,4,2,5,3,4,4,3,2,4,4,3,2,5,1,4,3,3
90320748,5,5,3,5,1,5,5,2,5,6,5,1,4,3,4,3,4,1,5,4,5,1,1,5,1,3,5
90320760,6,6,4,6,6,4,4,2,4,6,2,6,6,6,6,3,6,2,4,4,3,2,4,4,6,3,4
90320770,5,2,4,5,6,5,6,1,3,6,2,1,4,3,3,5,6,2,4,4,4,2,1,5,1,3,3
90320828,6,6,3,6,6,4,4,3,3,6,3,6,6,6,6,3,6,3,6,4,3,6,6,4,6,3,3
90320845,4,3,3,4,4,5,4,3,4,3,4,3,3,3,4,4,3,3,4,2,2,2,4,4,1,3,3
90320850,4,2,4,4,4,2,4,2,4,6,4,1,4,2,4,2,2,2,4,4,2,2,4,4,1,4,2
90321032,6,6,6,4,3,6,4,3,5,6,5,4,4,3,4,3,3,4,4,3,3,4,4,3,1,4,4
90321063,4,2,3,4,3,2,5,2,4,6,4,2,4,2,3,3,3,2,4,4,2,4,4,2,1,4,2
90321110,3,1,1,6,5,3,1,1,5,1,3,1,4,1,5,3,1,2,4,4,4,2,4,5,1,5,5
90321111,4,2,3,4,3,3,4,2,4,3,3,1,4,3,3,2,2,1,5,2,4,2,5,3,2,3,4
90321235,3,3,4,5,4,3,2,2,4,2,4,3,2,4,4,3,3,4,4,4,2,2,5,3,2,4,3
90321290,3,3,6,5,3,2,5,3,3,6,4,2,5,4,4,4,4,2,2,2,4,2,4,2,2,4,3
90321321,5,1,3,5,4,2,3,1,5,1,4,1,1,1,5,1,1,1,5,5,2,1,5,5,1,5,5
90321322,5,1,3,5,4,2,3,1,5,1,4,1,1,1,5,1,1,1,5,5,2,1,5,5,1,5,5
90321326,3,1,3,4,4,4,1,1,5,1,1,1,1,2,5,1,1,1,5,5,5,4,1,5,1,5,5
92460013,3,2,6,6,2,5,5,1,4,6,2,2,5,4,4,3,4,3,4,4,4,2,4,4,2,6,6
92460014,4,2,3,5,3,3,5,1,5,6,4,2,5,2,5,4,5,2,4,1,2,5,5,2,1,4,1
92460049,4,2,2,4,2,4,4,2,2,6,3,6,6,6,6,3,6,3,4,4,4,3,4,3,4,4,3
92460083,6,1,3,6,6,5,5,1,6,6,6,1,5,6,6,6,6,6,6,6,6,6,6,2,3,6,6
92460117,3,1,2,2,2,5,4,1,6,2,2,2,4,3,5,3,2,2,5,3,3,3,5,2,1,1,3
92460119,3,2,3,4,4,4,3,2,4,4,4,2,4,3,4,3,6,3,2,6,2,2,2,3,2,6,4
92460121,4,1,5,4,4,2,5,3,3,5,5,4,3,3,4,5,6,6,6,6,3,2,3,2,1,1,3
92460123,5,2,5,5,3,2,5,1,3,1,4,1,5,1,5,1,4,2,5,2,2,2,5,5,2,3,5
92460171,4,4,5,5,2,4,3,2,-1,-1,4,1,4,2,4,2,4,2,4,2,3,2,5,3,2,2,2
92460172,4,4,3,4,2,4,3,2,4,-1,4,1,4,2,4,2,4,2,4,3,4,4,4,4,1,2,2
92460177,6,6,3,6,2,6,4,2,4,2,2,1,5,5,4,4,4,5,3,3,5,4,5,3,6,3,5
92460263,4,3,4,5,2,4,4,4,4,4,5,2,4,3,4,4,4,3,4,4,3,4,4,3,2,2,4
92460281,5,2,3,2,1,5,5,5,2,6,5,4,5,5,4,5,5,6,6,6,6,4,4,2,2,1,1
92460282,4,1,3,4,1,3,4,4,1,6,6,4,5,5,3,5,5,5,1,1,3,4,5,2,1,6,6
92460355,2,2,2,3,2,4,4,3,4,6,3,2,4,4,4,3,3,6,6,6,4,3,4,3,3,1,4
92460361,3,3,3,4,3,5,4,3,3,2,5,3,4,3,4,4,2,2,4,3,3,1,3,4,3,6,6
92460391,3,3,2,2,2,4,2,4,4,2,5,2,5,3,3,3,3,2,2,1,3,3,5,2,2,2,2
92460392,3,3,2,2,2,4,2,4,4,2,5,2,5,3,3,3,3,2,2,1,3,3,5,2,2,2,2
92460438,4,2,3,6,4,5,4,1,5,6,4,1,4,2,4,4,4,3,3,6,3,2,4,1,1,6,3
92460449,4,3,2,4,4,2,4,2,5,2,3,2,2,2,5,3,3,2,5,4,4,4,5,1,1,2,3
92460601,6,6,2,6,6,5,5,1,6,3,4,2,5,5,2,4,5,1,5,6,4,1,5,1,5,3,3
92460602,3,3,2,4,2,5,5,2,4,5,3,1,4,2,4,4,6,2,1,1,4,2,1,3,2,1,2
92460612,4,6,6,4,6,5,5,5,6,5,5,1,4,6,4,3,5,4,3,3,5,1,6,3,1,6,6
92460615,1,4,4,3,3,5,3,1,3,3,4,2,4,3,3,4,4,2,4,5,5,2,5,4,4,3,3
92460616,3,1,1,5,3,5,4,1,3,1,4,2,5,3,3,3,1,3,5,3,5,5,3,4,3,5,5
92460638,2,2,2,3,2,4,4,2,5,6,2,1,5,3,4,3,1,2,1,2,3,4,1,4,2,5,4
92460665,3,5,1,5,5,5,5,1,4,3,3,1,5,1,5,4,4,3,3,2,3,2,5,1,2,1,3
92460717,6,6,4,4,4,4,3,3,2,6,4,3,4,4,4,3,2,3,2,1,2,4,6,2,4,2,3
92460719,4,3,2,2,2,5,4,2,4,4,5,4,5,2,4,2,4,3,4,4,1,1,5,3,1,1,1
92460779,6,6,4,5,3,4,4,5,4,6,3,2,4,2,4,4,2,2,5,4,4,2,4,4,2,4,4
92460819,6,6,6,3,6,3,3,2,5,6,4,1,3,2,4,3,6,2,6,6,4,3,4,2,1,1,1
95240035,3,2,2,4,3,5,5,3,3,6,5,6,5,5,3,5,5,5,5,5,5,5,5,2,5,1,4
95240036,5,2,5,3,5,2,5,3,3,3,5,6,5,5,3,5,5,5,2,3,5,5,5,3,5,2,2
95240129,4,3,2,5,6,6,5,2,5,2,4,1,5,1,2,2,3,2,3,2,2,4,5,3,1,1,3
95240137,4,6,2,5,2,5,5,5,5,6,6,6,5,5,6,5,5,5,5,5,5,5,5,2,2,2,5
95240138,5,6,6,5,5,5,5,6,6,6,6,6,6,5,6,6,6,6,6,6,5,6,5,5,6,6,6
95240219,2,4,4,5,3,3,4,2,2,6,4,3,5,3,4,3,5,4,4,4,4,4,5,3,2,3,4
95240220,2,4,4,5,3,3,4,2,2,6,4,3,5,3,4,3,5,4,4,4,4,4,5,3,2,3,4
95240253,4,1,1,5,1,1,5,2,2,6,6,2,5,3,5,5,6,6,6,6,2,1,6,6,1,6,6
95240283,4,3,6,4,6,5,3,5,5,5,3,4,4,2,2,2,2,3,4,4,-1,2,4,4,5,1,4
95240293,5,-1,4,5,5,5,1,1,5,4,4,1,4,1,4,1,3,1,5,5,1,5,5,5,1,4,3
95240294,5,-1,4,5,5,5,1,1,5,4,4,1,4,1,4,1,3,1,5,5,1,5,5,5,1,4,3
95240296,6,6,5,3,5,6,4,1,5,4,5,5,5,4,4,1,5,5,5,5,1,1,5,2,1,1,3
95240344,5,4,6,4,3,3,5,4,3,5,5,5,5,4,3,5,5,3,4,6,4,1,5,6,3,6,4
95240363,5,4,3,5,2,2,3,2,4,6,4,1,4,3,4,2,4,2,4,4,3,2,5,4,2,2,4
95240420,3,3,3,4,4,5,5,3,4,3,3,3,4,3,3,3,3,2,5,4,2,3,5,5,2,5,4
95240423,4,1,3,5,5,1,1,1,4,6,4,1,5,1,5,4,2,4,4,4,4,2,5,5,2,2,4
95240424,4,4,4,4,3,4,5,1,4,6,5,4,2,4,4,3,4,2,4,4,4,2,5,5,1,1,1
95240431,3,3,4,4,3,5,4,3,4,3,4,1,4,3,4,4,3,4,4,3,4,2,4,3,1,3,2
95240439,1,1,1,6,3,5,5,5,1,6,5,2,5,5,5,5,5,1,6,6,2,2,4,1,2,1,6
95240444,2,2,2,5,4,4,4,1,4,2,4,2,5,1,4,2,6,3,4,3,4,2,5,4,1,2,3
95240547,2,4,2,5,4,5,4,1,4,2,4,1,5,3,2,4,2,2,4,1,3,2,4,4,1,1,3
95240554,2,5,3,5,3,5,5,1,6,5,5,1,5,3,5,5,1,1,5,4,2,3,5,5,1,1,4
95240585,6,6,6,3,4,3,4,3,4,6,3,6,3,3,3,6,6,2,4,4,4,4,4,2,6,3,4
95240586,6,6,6,6,4,4,4,2,4,6,6,1,6,6,6,6,2,2,4,4,4,2,2,4,1,3,4
95240597,4,3,3,3,3,3,3,3,5,3,3,2,3,3,3,3,3,4,3,3,3,3,6,4,6,6,3
95240643,6,6,4,3,5,4,4,2,4,6,5,3,4,3,4,4,4,5,4,3,3,3,4,2,2,4,4
95240671,4,1,3,4,2,3,5,3,4,6,3,2,5,2,4,3,3,2,4,4,4,4,4,4,2,2,2
95240673,4,1,3,3,4,1,4,2,3,2,2,3,4,4,3,2,2,2,4,4,4,3,4,3,2,3,3
95240679,3,2,1,2,3,4,5,4,3,2,1,2,3,5,4,3,2,1,2,1,2,3,4,5,4,3,2
95240835,4,3,3,6,6,3,3,3,3,6,6,6,6,6,6,6,6,3,3,6,6,6,6,6,6,6,6
95240891,4,3,4,5,4,4,4,3,4,3,4,2,5,-1,4,2,3,2,4,3,4,2,4,6,3,6,2
95240945,3,3,3,5,4,3,3,2,4,3,4,2,5,2,4,3,4,4,3,3,3,3,4,3,2,3,2
95240987,4,2,3,3,3,3,3,3,3,3,4,2,6,6,6,3,6,3,4,4,6,3,6,4,6,4,4
95241061,4,3,5,4,5,4,5,3,5,3,4,1,4,3,5,3,3,5,5,3,4,3,5,5,3,3,4
95241099,3,3,3,3,3,3,4,2,3,6,2,6,6,6,6,2,6,1,4,5,4,3,4,3,2,3,3
95241108,4,4,4,5,4,3,4,1,5,6,4,1,5,3,5,4,4,4,1,6,4,3,1,2,1,4,4
96040078,5,5,6,5,6,5,5,3,4,6,5,1,5,5,5,5,5,6,6,1,5,2,4,2,1,1,3
96040108,1,6,6,5,1,5,5,4,6,5,3,1,4,2,5,5,5,5,1,6,5,5,5,2,1,6,6
96040136,2,3,3,4,3,4,4,2,3,3,4,2,4,3,4,3,3,3,3,2,2,5,2,2,2,2,2
96040213,4,2,3,4,3,4,5,3,4,2,4,5,5,4,4,4,3,2,4,3,4,4,4,6,2,4,4
96040214,4,2,3,4,2,4,5,3,4,2,4,5,5,5,3,5,4,3,2,3,4,4,3,6,2,4,4
96040311,6,6,5,3,4,5,5,6,6,6,5,1,5,2,5,6,4,1,5,1,3,5,5,2,1,3,5
96040355,4,4,2,3,4,3,3,1,4,1,2,1,3,2,4,4,4,3,4,4,2,1,5,4,1,4,4
96040363,3,3,3,3,5,5,5,1,2,6,4,1,5,5,1,4,4,3,5,6,1,1,5,4,1,6,5
96040369,5,1,3,4,3,2,4,4,5,3,3,2,4,3,2,3,3,3,4,4,4,2,5,5,1,4,4
96040370,5,1,3,4,3,2,4,4,5,3,3,2,4,3,2,3,3,3,4,4,4,2,5,5,1,4,4
96040381,2,4,4,5,2,5,2,1,4,4,2,1,4,1,5,3,4,1,5,5,5,2,5,5,5,5,3
96040382,2,4,4,5,2,5,2,1,5,2,2,1,4,1,5,3,4,1,5,5,5,2,5,5,5,5,3
96040427,5,2,4,4,4,4,4,2,3,6,3,2,4,3,4,4,4,2,4,3,3,3,4,4,2,3,3
96040433,3,4,2,5,3,4,4,3,3,6,4,1,5,4,5,4,2,2,4,4,4,4,4,4,1,4,3
96040452,3,3,4,5,5,1,2,2,5,1,2,2,5,3,5,2,1,5,5,5,5,1,5,2,2,4,2
96040493,5,2,1,4,5,5,4,5,5,1,5,5,5,2,3,1,3,1,5,1,1,1,5,5,2,2,4
96040496,4,3,2,5,6,5,4,1,4,6,5,1,5,5,4,5,5,1,5,3,6,1,5,2,1,1,1
96040515,3,6,3,4,6,5,5,3,4,3,5,3,4,3,3,3,4,3,3,3,3,4,4,3,1,6,3
96040531,3,3,3,3,3,5,5,3,4,4,4,4,5,5,3,3,3,3,3,3,4,4,4,4,3,3,3
96040537,4,6,4,6,6,5,5,2,6,6,5,2,5,6,6,4,4,3,3,3,6,2,4,6,2,6,6
96040538,5,3,5,3,3,5,5,3,6,6,5,2,5,5,3,5,6,4,3,6,4,1,1,1,1,1,1
90320844,-1,-1,-1,-1,4,4,4,2,4,-1,4,1,-1,-1,-1,2,-1,3,4,2,2,2,4,4,1,3,3
95240328,-1,-1,4,4,4,3,3,2,4,4,2,2,4,2,4,2,2,2,4,4,4,2,2,3,2,3,3
90300068,-1,-1,-1,-1,-1,-1,4,3,5,-1,3,2,4,4,4,4,3,3,4,4,4,4,4,4,2,2,3
70130597,-1,-1,-1,-1,-1,6,4,6,4,-1,-1,6,4,6,4,5,4,4,4,6,4,-1,6,4,6,4,4
70130633,-1,-1,5,5,5,4,2,2,5,6,4,2,1,3,5,1,2,1,5,5,4,2,5,3,1,2,1
54421128,-1,-1,3,-1,3,-1,4,3,3,-1,4,2,-1,-1,-1,4,4,1,4,3,4,3,6,3,6,6,6
54421279,-1,6,4,2,3,5,5,1,6,6,5,1,5,3,5,2,2,1,5,5,1,1,5,5,4,1,1
54200542,-1,-1,-1,3,3,3,3,3,3,3,3,4,4,4,3,2,3,3,3,3,3,3,3,3,3,3,3
54440142,-1,-1,-1,-1,4,-1,4,-1,5,-1,-1,-1,-1,-1,-1,-1,-1,-1,4,-1,4,-1,-1,4,-1,-1,-1
42280346,-1,-1,-1,6,-1,-1,-1,1,-1,-1,2,-1,-1,-1,-1,2,-1,3,4,3,4,2,6,4,3,6,6
42340159,-1,-1,-1,-1,5,-1,-1,-1,4,-1,-1,1,-1,-1,-1,-1,-1,-1,-1,-1,-1,-1,-1,-1,-1,5,5
30860447,-1,3,4,3,4,4,4,2,4,-1,5,2,5,3,3,5,6,5,4,3,5,5,-1,5,6,3,5
30330669,-1,2,1,5,3,5,5,-1,1,6,4,2,5,3,4,4,3,5,4,4,1,3,4,4,1,1,2
28240312,-1,-1,-1,4,4,4,4,4,4,4,4,3,4,3,4,3,3,2,3,3,-1,4,-1,4,3,4,3
10360206,-1,-1,-1,4,4,5,5,2,4,6,5,1,2,4,3,5,2,3,3,4,4,3,-1,4,2,3,4
30330106,-1,-1,-1,-1,3,3,3,6,3,6,3,3,3,3,5,3,3,3,5,5,3,3,3,5,5,5,5
11460106,-1,-1,-1,4,3,4,-1,2,4,-1,-1,2,4,4,4,4,-1,4,2,-1,2,4,-1,2,2,2,-1
10540756,-1,-1,-1,-1,4,4,1,4,-1,-1,4,1,4,-1,-1,-1,-1,-1,-1,-1,2,-1,-1,-1,-1,-1,-1