ID,age,Gender,NbCar,NbMoto,NbBicy,CarAvail,DestAct,Income,Education,distance_km,TimePT,TimeCar,CostPT,CostCarCHF,NbTransf,Choice
10350017,27,1,1,0,3,2,2,4,7,30.0,85,32,12.4,4.54,4,1
10350075,63,2,1,0,0,1,1,2,3,25.0,107,23,24.0,3.38,3,1
10350085,57,1,2,0,3,1,1,4,3,12.5,190,14,10.8,1.66,5,1
10350086,58,2,2,0,3,2,1,4,3,19.0,116,20,9.6,2.71,4,1
10350100,80,1,1,0,0,1,4,4,4,13.0,20,9,3.0,1.63,1,1
10350120,64,2,1,0,2,1,4,5,4,45.0,116,33,24.8,6.98,4,1
10350125,68,2,1,0,0,1,4,4,3,7.0,35,9,4.8,0.99,1,1
10350125,68,2,1,0,0,1,11,4,3,1.0,11,1,2.2,0.19,0,1
10350133,59,1,1,0,2,1,1,2,3,27.0,92,27,11.0,3.88,3,1
10350197,30,1,2,0,1,1,1,6,8,26.0,124,22,11.0,3.5,5,1
10350199,33,2,2,0,2,1,4,5,6,22.0,123,19,9.4,2.91,4,1
10350199,33,2,2,0,2,1,4,5,6,11.0,80,12,4.8,1.62,2,1
10350272,42,1,2,0,3,1,1,4,3,55.0,266,51,37.2,7.65,3,1
10350272,42,1,2,0,3,1,7,4,3,49.5,250,40,11.0,7.39,5,1
10360009,69,1,4,1,4,1,4,4,3,9.0,29,9,6.2,1.32,1,1
10360009,69,1,4,1,4,1,7,4,3,0.8,0,1,0.0,0.2,0,2
10360009,69,1,4,1,4,1,1,4,3,11.0,71,14,4.8,1.52,2,1
10360009,69,1,4,1,4,1,1,4,3,3.0,90,5,6.2,0.6,3,1
10360011,56,1,2,0,2,1,1,4,3,44.5,180,45,26.4,6.35,4,1
10360011,56,1,2,0,2,1,1,4,3,135.5,312,93,59.6,20.1,10,1
10360013,42,1,2,0,4,1,1,4,6,20.0,181,24,16.2,2.97,4,1
10360014,42,1,2,0,4,1,10,4,6,28.0,95,27,9.6,4.07,2,1
10360016,44,2,1,0,1,1,1,3,3,22.0,184,30,20.0,3.68,2,1
10360023,17,2,2,1,6,3,1,5,2,7.0,162,10,8.8,1.12,2,1
10360023,17,2,2,1,6,3,8,5,2,16.5,111,19,9.6,2.06,3,1
10360023,17,2,2,1,6,3,8,5,2,11.0,182,12,12.4,1.35,5,1
10360024,51,1,2,1,5,1,1,5,4,24.5,200,26,30.4,3.34,5,1
10360035,54,2,3,0,2,1,7,5,3,30.0,118,33,11.0,4.7,4,1
10360095,30,2,2,2,2,1,2,4,5,15.0,50,16,4.8,2.35,1,1
10360095,30,2,2,2,2,1,1,4,5,16.0,63,16,4.8,2.32,2,1
10360113,53,1,3,2,3,1,1,5,3,14.2,145,14,14.0,1.81,5,1
10360122,71,1,2,0,0,1,8,3,6,31.0,153,33,21.0,4.38,5,1
10360139,46,2,2,1,3,1,1,6,5,31.0,135,33,15.6,4.46,4,1
10360139,46,2,2,1,3,1,9,6,5,1.4,0,2,0.0,0.49,0,1
10360159,42,2,1,0,2,1,8,3,3,22.5,232,29,11.8,3.2,2,1
10360159,42,2,1,0,2,1,8,3,3,0.4,0,1,0.0,0.2,0,2
10360162,70,1,1,0,2,1,4,2,2,3.5,98,5,3.0,0.6,2,1
10360162,70,1,1,0,2,1,8,2,2,0.7,11,2,2.2,0.21,0,2
10360162,70,1,1,0,2,1,10,2,2,1.1,15,3,0.0,0.46,0,2
10360177,34,1,2,1,2,1,4,5,3,16.5,131,15,12.4,2.32,2,1
10360177,34,1,2,1,2,1,4,5,3,54.0,213,39,24.8,7.06,5,1
10360193,37,1,2,0,0,1,1,6,7,32.5,159,28,43.2,4.61,5,1
10360195,52,2,2,1,4,1,1,5,5,51.5,194,47,19.2,6.98,5,1
10360196,52,2,2,1,4,1,1,5,5,27.0,126,26,13.2,3.68,4,1
10360212,59,1,2,0,0,1,7,5,6,16.0,61,15,6.2,2.39,3,1
10360212,59,1,2,0,0,1,4,5,6,6.5,73,8,6.2,0.87,2,1
10360217,19,2,2,0,3,3,3,4,4,29.0,81,32,8.8,4.37,3,0
10360225,60,2,1,0,3,1,1,5,6,16.0,60,17,4.8,2.45,2,1
10360225,60,2,1,0,3,1,4,5,6,97.0,228,64,77.8,12.8,4,1
10360225,60,2,1,0,3,1,1,5,6,298.0,269,180,89.2,38.61,2,1
10360235,61,1,3,1,5,1,1,6,4,67.0,219,49,38.4,9.04,4,1
10360236,48,2,3,1,5,1,1,6,4,32.5,193,40,15.8,5.03,3,1
10360266,72,2,1,0,0,1,9,3,5,15.5,74,22,7.8,2.46,1,1
10360266,72,2,1,0,0,1,8,3,5,9.0,162,14,6.0,1.58,3,1
10360266,72,2,1,0,0,1,10,3,5,30.0,84,34,11.0,4.7,2,1
10360284,66,2,2,0,2,1,7,4,3,34.0,162,33,14.0,4.63,6,1
10360284,66,2,2,0,2,1,7,4,3,21.6,151,28,9.6,3.28,2,1
10360285,39,2,2,1,4,1,7,4,6,29.0,176,30,11.0,4.49,2,1
10360285,39,2,2,1,4,1,7,4,6,30.0,143,34,11.0,4.79,4,1
10360286,42,1,2,1,4,1,1,4,7,88.0,185,61,43.2,11.78,4,1
10360414,44,1,1,1,5,2,1,4,4,25.0,108,23,9.6,3.4,4,1
10360414,44,1,1,1,5,2,1,4,4,27.0,102,24,9.6,3.73,4,1
10360415,36,2,1,1,5,1,8,4,3,14.0,77,18,6.0,2.01,2,1
10360460,27,1,2,0,1,1,1,5,3,17.0,66,16,9.6,2.41,4,1
10360462,65,2,1,0,0,1,9,1,6,50.5,124,46,12.4,6.68,5,1
10360464,17,1,1,1,4,3,3,5,2,22.5,91,22,9.6,2.95,2,0
10360465,43,2,1,1,4,1,4,5,3,10.5,138,12,9.6,1.32,1,1
10360465,43,2,1,1,4,1,10,5,3,20.5,130,20,9.6,2.74,3,1
10360475,50,1,2,0,7,1,9,6,8,0.7,53,1,5.6,0.16,1,0
10360475,50,1,2,0,7,1,5,6,8,109.0,162,85,42.0,14.37,5,1
10360518,28,2,2,0,2,1,1,6,7,31.0,104,35,11.0,4.63,4,1
10360519,29,1,2,0,2,1,1,6,6,109.0,279,117,46.2,15.35,4,1
10360519,29,1,2,0,2,1,9,6,6,24.0,127,31,12.4,3.48,4,1
10360526,31,1,1,1,3,2,1,3,2,38.5,151,44,13.2,5.89,4,0
10360527,41,2,1,1,3,1,4,3,3,16.5,102,14,9.6,2.24,4,1
10360527,41,2,1,1,3,1,7,3,3,11.0,82,12,6.0,1.48,1,1
10360532,37,1,2,0,2,1,1,5,7,31.0,105,29,11.0,4.63,4,1
10360533,39,2,2,0,3,1,1,5,4,119.0,251,76,65.8,15.96,7,1
10360536,39,1,1,1,1,1,3,4,6,30.0,166,41,12.6,4.34,2,1
10360566,52,1,1,0,1,1,8,4,3,32.0,141,36,14.4,4.87,4,1
10360574,36,1,3,1,3,1,1,4,3,16.0,58,16,4.8,2.42,2,1
10360574,36,1,3,1,3,1,7,4,3,8.5,51,16,4.8,1.22,1,1
10360574,36,1,3,1,3,1,3,4,3,14.0,44,15,4.8,2.24,1,1
10360575,51,2,3,1,4,1,4,4,3,18.0,81,15,12.4,2.39,2,1
10360575,51,2,3,1,4,1,8,4,3,3.0,19,3,3.0,0.42,0,1
10360575,51,2,3,1,4,1,6,4,3,16.0,49,16,4.8,2.42,2,1
10540009,44,2,2,1,3,1,1,4,3,69.0,222,55,49.6,9.06,4,1
10540009,44,2,2,1,3,1,4,4,3,13.0,99,16,5.6,1.76,1,1
10540009,44,2,2,1,3,1,8,4,3,3.8,65,5,5.4,0.6,0,1
10540031,45,2,2,0,4,1,8,4,3,82.5,306,92,20.2,10.89,8,1
10540046,45,1,1,0,1,1,1,3,5,22.5,120,39,12.2,3.85,3,1
10540063,82,1,1,0,0,1,4,2,3,8.0,67,10,4.8,1.09,1,1
10540063,82,1,1,0,0,1,2,2,3,15.0,57,18,4.8,2.15,1,1
10540066,55,1,2,0,4,1,1,5,5,15.0,57,17,4.8,1.99,2,1
10540067,55,1,2,0,4,1,4,5,5,25.0,26,32,2.6,3.31,0,1
10540067,55,1,2,0,4,1,4,5,5,0.4,10,0,0.0,0.07,0,1
10540067,55,1,2,0,4,1,1,5,5,12.0,66,16,3.0,1.75,1,1
10540067,55,1,2,0,4,1,7,5,5,2.0,42,3,2.6,0.36,0,1
10540128,64,2,2,0,3,1,6,3,3,23.5,124,40,12.2,3.77,2,1
10540131,40,2,2,0,5,1,9,5,3,32.0,101,31,17.6,4.54,2,1
10540131,40,2,2,0,5,1,11,5,3,32.0,105,31,14.2,4.51,1,1
10540169,69,1,1,0,2,1,4,3,3,17.5,112,20,7.8,2.21,1,1
10540178,59,1,2,0,2,1,4,5,3,2.5,66,3,4.8,0.39,3,1
10540178,59,1,2,0,2,1,1,5,3,28.0,186,34,8.2,3.94,3,1
10540187,45,1,1,1,4,2,1,6,3,18.0,96,34,11.0,3.2,2,1
10540188,20,2,3,0,4,3,1,4,3,9.0,54,18,4.8,1.6,3,0
10540202,53,2,2,0,2,1,4,6,3,10.0,92,16,8.2,1.58,0,1
10540215,40,2,2,0,2,1,1,6,2,17.0,67,17,6.2,2.19,3,1
10540216,30,1,2,0,2,1,1,6,6,45.0,139,33,16.4,5.79,2,1
10540237,34,2,2,0,2,1,9,6,7,6.5,64,11,6.0,1.16,1,1
10540260,20,2,1,0,3,2,3,3,4,23.5,123,41,13.6,4.08,2,0
10540265,44,1,2,0,4,1,8,6,8,22.0,168,28,70.2,2.97,5,1
10540266,41,2,2,0,4,1,1,5,7,28.8,234,40,15.8,4.18,6,1
10540269,52,2,2,1,2,1,10,3,4,17.5,97,33,11.0,3.27,0,1
10540271,35,2,2,0,6,1,8,5,7,23.0,196,25,12.6,3.12,5,1
10540271,35,2,2,0,6,1,8,5,7,5.1,93,8,6.0,0.85,1,1
10540297,44,1,1,0,0,1,1,6,7,208.0,270,171,86.6,28.12,4,1
10540298,33,2,1,0,0,3,1,6,7,68.0,167,63,25.0,9.76,5,0
10540305,70,1,1,0,0,1,4,4,3,14.5,101,19,5.6,1.98,0,1
10540306,70,1,1,0,0,1,6,4,3,102.0,264,88,27.6,13.6,6,1
10540351,51,1,2,1,2,1,2,5,3,206.0,470,180,61.2,29.12,8,1
10540354,43,2,2,1,2,1,1,5,4,10.9,76,14,7.6,1.53,2,1
10540384,75,1,2,0,3,1,11,6,5,12.0,65,17,4.8,1.79,0,1
10540395,47,1,2,1,4,1,1,6,6,37.0,140,66,26.6,6.71,6,1
10540396,40,2,2,1,4,1,1,6,6,11.5,111,16,10.4,1.82,0,1
10540462,79,1,1,0,0,1,11,4,3,26.5,141,38,11.6,4.31,1,1
10540514,77,2,2,0,1,1,7,3,4,9.5,67,14,4.8,1.39,0,1
10540514,77,2,2,0,1,1,7,3,4,9.5,65,14,4.8,1.39,1,0
10540514,77,2,2,0,1,1,7,3,4,5.5,44,6,3.0,0.72,0,1
10540514,77,2,2,0,1,1,7,3,4,22.0,103,26,17.2,2.84,3,0
10540515,29,2,2,0,0,1,1,4,7,44.0,207,55,49.6,5.98,4,1
10540515,29,2,2,0,0,1,4,4,7,13.0,68,16,5.2,1.76,0,1
10540516,30,1,2,0,0,1,10,4,8,25.0,55,38,11.0,3.77,1,1
10540517,39,1,2,0,4,1,1,4,2,23.0,117,33,8.8,3.48,0,1
10540518,41,2,2,0,4,1,1,4,6,18.0,96,32,11.0,3.41,1,1
10540531,74,1,2,0,0,1,2,2,6,28.5,166,44,12.2,4.47,2,1
10540532,71,2,2,0,0,1,4,2,5,27.5,119,37,13.6,4.08,4,1
10540532,71,2,2,0,0,1,4,2,5,5.5,32,6,3.0,0.72,0,1
10540548,48,1,1,1,3,2,1,5,3,19.0,110,35,11.0,3.4,0,1
10540548,48,1,1,1,3,2,1,5,3,9.5,55,18,4.8,1.71,1,1
10540563,46,2,2,0,8,1,1,6,7,134.0,461,117,79.4,17.77,10,1
10540606,77,1,1,0,3,1,4,3,6,18.5,164,24,9.6,2.46,2,1
10540647,58,2,2,0,4,1,4,6,5,14.0,146,18,12.4,1.89,2,1
10540659,73,1,1,0,4,1,4,2,7,8.0,71,10,4.8,1.07,1,1
10540660,73,1,1,0,4,1,4,2,7,8.0,71,10,4.8,1.07,1,1
10540672,34,2,2,0,4,1,1,5,3,23.0,84,31,9.6,3.24,4,1
10540675,63,2,0,0,2,2,4,2,3,2.0,25,3,2.6,0.4,0,1
10540675,63,2,0,0,2,2,4,2,3,3.0,23,4,5.6,0.49,0,1
10540689,38,1,2,0,4,1,1,6,4,21.0,141,28,6.0,2.92,3,1
10540689,38,1,2,0,4,1,1,6,4,21.0,118,28,6.0,2.92,6,1
10540691,43,2,2,0,4,1,1,6,7,15.6,135,20,13.2,2.19,3,1
10540691,43,2,2,0,4,1,4,6,7,5.5,68,7,5.2,0.79,0,1
10540692,37,1,2,0,3,1,11,6,7,65.5,278,62,61.6,8.54,5,1
10540692,37,1,2,0,3,1,4,6,7,3.1,33,4,5.4,0.54,0,1
10540756,83,2,1,0,0,1,4,2,6,4.0,51,7,2.6,0.69,0,1
10540774,57,1,2,0,3,1,7,6,7,72.0,232,77,50.0,10.15,4,1
10540806,67,2,2,0,0,2,11,3,1,3.0,22,5,2.6,0.53,0,1
10540807,43,1,1,0,0,1,3,1,7,7.0,59,11,4.8,1.2,0,1
10541086,41,2,1,1,4,1,1,5,3,66.0,245,71,28.4,9.37,4,1
10541086,41,2,1,1,4,1,1,5,3,24.0,85,35,11.0,3.54,1,1
10980079,40,1,2,0,7,1,1,5,6,19.6,154,30,9.6,3.24,0,1
10980080,38,2,2,0,6,1,8,5,6,15.5,126,20,6.2,2.21,2,1
10980080,38,2,2,0,6,1,4,5,6,52.0,153,41,11.0,6.99,3,1
10980080,38,2,2,0,6,1,8,5,6,15.5,48,20,2.2,2.21,0,1
10980080,38,2,2,0,6,1,9,5,6,14.5,114,20,6.2,2.14,2,1
10980111,68,1,1,0,0,1,4,2,4,23.0,203,29,14.0,3.6,1,1
11460027,52,2,1,0,2,3,1,5,3,33.1,128,46,21.0,5.4,2,0
11460028,64,1,1,0,2,1,10,5,4,130.5,192,96,48.2,17.45,3,0
11460060,47,1,2,0,6,1,8,6,7,70.5,239,70,45.4,9.46,6,1
11460070,56,2,2,0,2,1,2,6,6,43.0,155,47,22.6,5.93,6,1
11460082,58,2,2,2,0,1,1,5,4,71.0,206,71,26.0,9.56,6,1
11460106,75,1,1,0,0,1,1,2,2,2.5,20,3,2.2,0.34,0,0
14050001,41,2,2,1,4,1,1,4,3,5.0,70,10,6.8,1.02,0,1
14050001,41,2,2,1,4,1,1,4,3,5.0,35,9,6.8,1.0,0,1
14050047,31,1,3,1,2,1,1,6,3,96.0,183,69,34.4,12.93,5,1
14050047,31,1,3,1,2,1,10,6,3,75.0,181,53,36.4,9.76,4,1
14050075,44,1,2,0,4,1,1,4,3,76.0,145,54,32.4,9.84,4,0
14050076,39,2,2,0,4,1,7,4,3,8.0,70,16,7.4,1.53,0,1
14050076,39,2,2,0,4,1,4,4,3,17.5,100,23,8.4,2.68,2,1
14050133,37,1,1,0,2,1,2,6,3,128.0,284,95,62.6,17.77,3,1
14050134,34,2,1,0,2,1,8,6,7,28.0,105,24,21.8,3.93,1,1
14050180,47,2,1,0,4,1,1,2,3,9.5,55,9,3.4,1.29,0,1
14050180,47,2,1,0,4,1,4,2,3,4.0,20,8,3.4,0.79,0,1
14050182,30,1,2,0,2,1,4,4,7,33.0,107,30,9.6,4.41,2,1
14050186,37,1,2,1,9,1,1,5,3,15.0,126,20,11.4,2.32,2,1
14050186,37,1,2,1,9,1,1,5,3,15.0,134,20,8.0,2.32,2,1
14050193,40,2,1,1,4,1,8,4,6,17.0,97,24,6.8,2.74,2,1
14050226,76,2,0,0,1,3,3,3,4,3.5,18,6,4.0,0.64,0,0
14050250,65,1,2,2,2,1,10,6,3,184.0,170,112,56.4,23.85,3,0
14050278,46,1,2,0,4,1,8,6,7,85.0,289,62,40.0,11.32,6,1
19130036,29,2,2,0,0,1,6,5,7,53.5,253,46,41.0,6.74,4,1
19130080,43,2,2,0,5,1,11,6,6,31.6,98,31,15.2,4.57,1,1
19130080,43,2,2,0,5,1,8,6,6,1.2,14,2,0.0,0.37,0,1
19130148,42,2,2,0,3,1,1,3,4,25.5,76,27,15.8,3.53,1,1
19130148,42,2,2,0,3,1,2,3,4,6.0,12,8,3.4,0.96,0,1
19130149,41,1,2,0,4,1,1,2,6,37.0,162,34,21.6,5.12,2,1
19130149,41,1,2,0,4,1,1,2,6,35.0,150,32,23.2,5.07,2,1
19130179,66,1,1,0,2,1,1,3,6,10.5,44,12,6.8,1.39,0,1
19130202,46,1,2,0,7,1,1,6,8,51.0,188,51,45.0,6.48,3,1
19130203,52,2,2,0,7,1,1,6,6,12.0,26,16,6.0,1.89,0,2
19130203,52,2,2,0,7,1,1,6,6,12.0,26,16,6.0,1.89,0,2
19130205,49,2,2,0,1,1,9,2,3,10.0,134,12,15.8,1.53,2,1
19130205,49,2,2,0,1,1,9,2,3,18.0,218,20,21.2,2.84,1,1
19130206,66,1,2,0,0,1,9,2,3,10.0,134,12,15.8,1.53,2,1
19130206,66,1,2,0,0,1,9,2,3,32.0,118,33,24.2,4.7,0,1
19130213,35,2,2,0,3,1,4,4,3,189.0,380,135,94.0,25.31,7,1
19130238,67,1,1,0,2,1,10,4,3,10.0,138,12,24.8,1.53,2,1
19130252,61,1,1,0,0,1,1,5,3,122.0,180,86,51.4,18.69,2,0
19130279,67,2,2,1,1,2,7,3,3,508.9,519,378,152.8,66.36,6,0
19130374,42,2,1,0,0,1,4,3,3,141.5,367,133,72.0,26.14,6,1
19130486,35,1,1,0,3,2,1,5,6,2.5,19,4,3.4,0.43,0,0
19130578,31,2,2,0,2,1,1,3,6,17.0,44,16,9.6,2.49,1,1
19130578,31,2,2,0,2,1,4,3,6,4.5,31,6,3.4,0.96,0,1
19130578,31,2,2,0,2,1,10,3,6,4.5,29,5,3.4,0.92,0,1
19130685,47,1,4,2,8,1,2,5,3,235.0,228,171,72.0,30.25,3,1
19130766,57,1,1,0,2,1,1,4,3,82.0,145,54,33.6,10.7,4,1
19130798,40,1,1,1,0,2,2,3,3,42.0,113,42,34.6,5.4,2,1
19130798,40,1,1,1,0,2,1,3,3,42.0,188,42,34.6,5.4,2,1
19130855,34,2,2,0,2,1,1,2,3,31.0,72,27,15.2,4.13,1,1
19130855,34,2,2,0,2,1,1,2,3,31.0,126,27,29.6,4.14,2,1
19130867,31,1,1,0,2,1,9,4,7,18.0,49,15,10.2,2.51,0,1
19130871,51,2,2,0,2,1,1,6,6,78.5,220,59,41.8,10.27,4,1
19130883,68,2,1,0,1,1,8,2,3,22.0,74,21,12.8,3.12,1,1
19130883,68,2,1,0,1,1,8,2,3,22.0,79,21,12.8,3.12,1,1
19130912,74,1,1,0,0,1,4,4,6,4.0,22,6,6.0,0.73,0,1
19130912,74,1,1,0,0,1,4,4,6,28.0,94,26,16.4,3.67,0,1
19130933,78,1,1,0,0,1,7,4,3,3.0,19,5,3.4,0.53,0,1
19130963,53,2,2,0,3,1,1,4,7,4.5,28,7,6.0,0.79,0,1
19130963,53,2,2,0,3,1,7,4,7,0.9,12,1,3.0,0.19,0,1
19610035,45,2,1,0,6,2,1,6,8,5.5,72,14,5.2,1.39,1,1
19610035,45,2,1,0,6,2,1,6,8,5.5,73,14,5.2,1.39,1,1
19610100,64,1,2,0,0,1,7,5,7,29.3,158,49,28.0,4.96,1,1
19610114,52,2,2,0,4,1,1,4,4,16.2,82,26,10.6,2.67,0,1
19610182,29,2,1,0,0,1,1,3,7,25.0,75,39,12.4,3.97,0,1
19610203,64,2,2,1,1,1,4,5,6,183.2,237,128,60.0,24.62,4,1
19650022,58,2,2,0,2,1,4,3,6,9.5,53,19,4.8,1.81,1,1
19650025,45,1,2,1,2,1,1,4,6,7.1,44,15,6.4,1.63,0,1
19650025,45,1,2,1,2,1,1,4,6,13.5,78,27,7.4,2.81,1,1
19650025,45,1,2,1,2,1,9,4,6,14.0,72,30,6.4,2.94,0,1
19650026,42,2,2,1,2,1,1,4,3,14.0,89,28,7.4,2.87,2,1
19650026,42,2,2,1,2,1,8,4,3,9.5,119,22,12.4,2.45,0,1
19650041,36,1,1,0,0,1,4,6,6,16.9,96,38,11.0,3.78,0,1
19650041,36,1,1,0,0,1,9,6,6,4.0,10,7,3.0,0.73,0,1
19650059,25,2,2,1,2,1,6,4,5,21.5,197,33,14.2,3.44,1,1
19650071,52,1,2,1,4,1,7,3,3,0.1,24,0,3.0,0.13,0,1
19650072,52,1,2,1,4,1,11,3,3,39.3,262,61,27.6,6.48,4,1
19650138,48,1,2,0,4,1,1,6,7,14.0,75,34,8.8,3.25,1,1
19650139,38,1,2,1,4,1,1,5,5,110.0,257,120,47.4,17.61,4,1
19650217,33,1,2,1,2,1,1,5,3,7.5,62,16,9.0,1.53,1,1
19650218,37,2,2,1,2,1,1,5,3,14.0,52,30,7.4,3.25,0,1
19650224,48,2,1,0,1,1,1,3,3,24.0,197,40,12.8,4.06,3,1
19650224,48,2,1,0,1,1,1,3,3,24.0,182,40,16.8,4.06,2,1
19650242,52,2,2,0,4,2,1,5,6,18.5,165,33,10.2,3.4,2,1
19650257,31,1,1,0,1,1,1,5,3,10.0,43,24,3.4,2.32,0,1
19650281,37,1,1,0,5,2,1,5,3,18.0,61,36,8.8,4.24,1,0
19650295,55,1,1,1,2,1,1,4,5,64.0,137,64,28.0,9.19,2,1
19650327,60,2,1,0,0,1,1,5,3,14.7,127,23,16.0,2.31,0,0
19650328,58,1,1,0,0,1,6,5,7,1.4,24,4,6.0,0.63,0,2
19650328,58,1,1,0,0,1,6,5,7,4.0,24,8,6.0,0.86,0,2
19650425,36,2,1,0,0,1,1,3,6,17.5,139,35,8.6,3.47,0,1
19650447,37,2,1,0,2,1,1,2,3,4.0,22,11,3.4,1.07,0,1
19650447,37,2,1,0,2,1,1,2,3,13.0,55,26,9.0,2.45,1,1
19650448,37,2,1,0,2,1,1,2,3,10.0,45,23,7.4,2.32,0,0
19650490,42,2,3,0,4,1,8,4,3,115.4,244,95,45.8,16.04,1,1
19650491,42,2,3,0,4,1,4,4,3,2.4,22,4,3.0,0.52,0,2
19650491,42,2,3,0,4,1,8,4,3,2.5,21,4,3.0,0.5,0,1
19650511,50,2,3,1,2,1,1,4,4,1.2,30,2,3.0,0.26,0,1
19650512,52,1,3,1,2,1,1,4,3,7.0,64,16,3.4,1.58,1,1
19650575,54,2,1,0,0,1,10,3,6,2.0,24,4,6.0,0.54,0,1
19650575,54,2,1,0,0,1,1,3,6,17.5,111,31,9.6,3.17,3,1
19650586,36,2,2,2,4,1,1,2,3,5.0,37,13,6.2,1.25,1,1
19650626,28,1,1,0,4,1,8,6,7,3.0,35,7,3.0,0.67,0,1
19650626,28,1,1,0,4,1,8,6,7,19.0,149,27,17.0,2.99,1,1
19650626,28,1,1,0,4,1,8,6,7,16.0,130,24,10.8,2.52,1,1
19650631,32,2,2,3,2,1,1,4,3,28.0,146,59,18.4,6.03,0,1
19650656,47,2,1,0,0,1,1,3,4,33.0,239,69,19.8,6.91,2,1
19650699,51,1,2,0,4,1,7,4,3,10.0,37,17,6.8,2.03,0,1
19650699,51,1,2,0,4,1,8,4,3,5.0,43,9,6.4,1.0,0,1
19650700,51,1,2,0,4,1,7,4,3,12.8,103,28,6.0,2.92,0,1
19730033,37,2,2,1,4,1,1,6,6,46.0,203,57,23.25,6.94,4,1
19730034,37,2,2,1,4,1,9,6,6,77.0,303,96,44.6,11.82,5,1
19730078,46,2,1,0,3,2,4,5,3,30.9,150,53,16.8,5.32,1,1
19730085,27,2,1,1,1,2,1,3,7,14.0,82,30,12.0,2.89,0,0
19730119,28,2,2,1,2,2,1,4,3,15.0,51,24,4.8,2.35,0,1
19730126,28,2,1,0,0,2,1,2,3,30.0,98,48,9.6,4.74,0,0
20860315,42,2,2,0,5,1,4,4,3,5.5,35,9,3.8,0.95,1,1
20860315,42,2,2,0,5,1,2,4,3,7.0,15,10,0.0,1.23,0,1
28000144,63,1,2,0,1,1,6,5,6,3.5,33,8,4.4,1.02,0,1
28000144,63,1,2,0,1,1,7,5,6,2.5,40,6,4.4,0.73,1,2
28000244,38,1,1,0,4,1,1,5,6,121.0,95,130,24.2,16.29,3,0
28000306,29,2,1,0,2,3,1,5,3,13.5,61,17,8.2,1.95,0,0
28000344,52,1,1,0,6,2,1,4,7,3.2,46,6,2.2,0.66,0,2
28000344,52,1,1,0,6,2,1,4,7,3.2,51,6,4.4,0.66,0,2
28000352,77,1,1,0,2,1,11,4,7,42.0,64,52,14.8,5.88,2,1
28000352,77,1,1,0,2,1,10,4,7,231.0,229,170,69.2,30.05,3,1
28000363,48,1,2,1,5,1,6,6,7,1.9,20,5,0.0,0.52,0,1
28000366,42,1,1,0,2,1,1,4,3,2.5,36,6,0.0,0.75,0,2
28000366,42,1,1,0,2,1,1,4,3,2.5,34,6,3.0,0.75,0,2
28000414,40,1,1,0,5,2,11,5,6,22.0,81,36,11.2,3.67,2,0
28000449,52,1,2,0,4,1,3,4,3,191.0,124,154,48.0,25.46,3,0
28000450,46,2,2,0,4,2,8,4,3,1.1,23,2,2.2,0.27,0,1
28000460,37,2,1,0,0,2,1,6,7,180.5,219,177,61.6,24.26,6,0
28000532,30,2,1,0,2,2,7,4,7,122.0,135,108,37.0,16.16,4,0
28000646,47,1,1,0,4,1,1,5,3,57.0,88,65,20.6,7.42,3,1
28000700,42,2,1,0,6,2,6,5,6,2.9,50,6,0.0,0.66,1,1
28000700,42,2,1,0,6,2,3,5,6,1.9,18,4,0.0,0.49,0,2
28000701,45,1,1,0,6,1,8,5,7,7.0,69,14,6.0,1.63,0,1
28000701,45,1,1,0,6,1,1,5,7,6.0,58,14,5.2,1.62,0,1
28240008,68,1,1,0,0,1,4,4,3,14.3,68,21,8.0,1.99,0,1
28240009,66,2,1,0,0,1,7,4,2,30.0,165,38,15.0,4.4,2,1
28240046,63,1,1,0,0,1,9,5,3,2.2,27,4,0.0,0.37,0,1
28240046,63,1,1,0,0,1,9,5,3,12.0,111,24,9.0,2.01,1,1
28240110,36,1,2,1,4,1,1,4,3,23.6,105,37,16.6,3.58,1,1
28240110,36,1,2,1,4,1,1,4,3,12.6,39,21,6.2,1.99,0,1
28240111,31,2,2,1,4,1,1,4,7,2.4,29,8,6.0,0.37,0,1
28240111,31,2,2,1,4,1,8,4,7,5.2,70,9,14.0,0.82,2,1
28240179,51,1,3,0,4,1,1,4,3,101.0,168,114,37.0,13.54,4,0
28240202,39,1,1,0,4,2,1,5,4,150.0,215,163,65.2,20.71,5,0
28240302,69,1,1,0,1,1,5,4,7,43.5,211,54,26.6,6.2,4,1
28240303,67,2,1,0,0,1,5,4,3,43.5,211,54,26.6,6.2,4,1
28240354,46,2,3,1,4,1,1,4,3,6.0,27,10,4.0,1.09,0,1
28240378,47,2,2,0,2,1,11,6,3,0.5,18,1,3.0,0.09,0,1
28240378,47,2,2,0,2,1,4,6,3,6.7,33,11,4.0,1.0,0,1
28240378,47,2,2,0,2,1,6,6,3,40.0,124,36,22.8,6.06,4,1
28240485,40,1,1,0,0,1,1,2,3,0.9,15,2,3.0,0.14,0,1
28240515,30,2,2,1,6,1,4,5,3,49.0,138,40,25.0,7.24,4,1
28240517,38,1,2,2,5,1,4,5,3,24.0,71,19,14.0,3.67,2,1
28240517,38,1,2,2,5,1,5,5,3,25.0,67,21,11.0,3.57,2,1
28240523,41,1,2,0,6,1,1,6,6,9.1,46,16,6.2,1.48,0,1
28240523,41,1,2,0,6,1,1,6,6,9.1,46,16,6.2,1.48,0,1
28240632,35,2,1,0,6,1,8,3,6,28.2,117,35,14.4,4.31,1,1
28240692,41,2,2,1,4,1,6,4,4,7.6,39,11,3.4,1.12,0,1
28240755,31,1,2,0,2,1,1,5,3,32.8,160,40,21.8,4.86,3,1
28240755,31,1,2,0,2,1,1,5,3,85.0,168,72,38.8,11.16,4,1
28240756,30,2,2,0,2,1,1,5,6,8.5,237,13,81.4,1.35,3,1
28240756,30,2,2,0,2,1,1,5,6,8.5,237,13,81.4,1.35,3,1
28240762,25,2,2,0,2,1,8,4,5,19.2,106,25,10.8,2.85,2,1
28240762,25,2,2,0,2,1,1,4,5,15.3,76,23,6.2,2.31,2,1
28240797,39,1,1,1,2,2,1,4,6,189.2,281,194,77.8,25.67,2,0
28240798,39,1,1,1,2,2,1,4,6,189.2,281,194,77.8,25.67,2,0
28240830,45,2,2,1,1,1,4,4,4,45.0,95,52,24.4,6.03,3,1
28240945,61,1,2,0,1,1,1,6,7,7.5,90,11,8.6,1.16,2,1
28240945,61,1,2,0,1,1,11,6,7,14.8,110,24,13.0,2.31,2,1
28240955,58,2,1,0,0,1,4,2,2,12.7,56,19,6.2,1.92,2,1
28240965,47,1,1,0,3,1,1,3,3,16.1,57,23,6.2,2.51,1,0
28240993,61,1,1,0,1,1,1,4,3,10.0,82,14,11.0,1.39,2,1
28240993,61,1,1,0,1,1,1,4,3,10.0,82,14,11.0,1.39,2,1
28240993,61,1,1,0,1,1,8,4,3,12.1,44,18,6.2,1.83,0,1
28240997,53,1,1,0,2,2,1,4,3,47.0,67,58,20.7,6.45,1,0
28241047,64,1,1,0,3,1,9,3,2,18.0,210,19,47.6,2.74,3,1
28241048,62,2,1,0,3,2,9,3,3,18.0,210,19,47.6,2.74,3,1
28241131,53,1,2,1,2,1,4,4,3,282.0,309,200,116.8,42.93,6,1
28241132,51,2,2,1,2,1,4,4,3,11.9,58,19,8.0,1.83,0,1
28420015,73,1,1,0,1,1,4,5,4,6.0,62,10,5.6,1.2,0,1
28420050,58,1,1,0,5,1,1,4,3,73.74,193,92,24.2,9.62,0,1
28420051,51,2,1,0,5,1,1,4,2,5.0,61,8,6.4,0.87,0,1
28420052,35,1,2,0,2,1,1,6,6,3.4,39,6,3.0,0.72,0,1
28420056,37,2,1,1,4,2,10,4,3,164.0,241,169,59.4,21.88,6,1
28420153,58,2,1,0,4,2,4,3,2,4.0,63,8,5.2,0.77,0,1
28420168,47,1,2,0,4,1,1,5,6,180.0,189,178,64.0,24.26,6,0
28420168,47,1,2,0,4,1,9,5,6,6.5,82,13,4.4,1.32,1,1
28420278,48,2,2,0,1,1,11,4,3,3.0,29,6,3.0,0.64,0,1
28420278,48,2,2,0,1,1,4,4,3,3.0,40,6,3.4,0.62,0,1
28420282,68,1,2,1,1,1,1,1,3,46.0,67,54,21.6,6.36,3,1
28420388,45,1,1,1,5,2,1,5,6,116.0,109,129,31.0,15.76,1,0
28630101,67,2,1,0,1,2,4,1,6,32.5,127,37,19.2,5.33,1,1
28630101,67,2,1,0,1,2,11,1,6,15.0,159,21,25.0,2.15,4,1
28640112,46,2,1,0,1,1,4,2,3,50.5,135,52,26.4,7.28,2,1
28640121,38,2,2,1,4,1,9,5,3,0.6,22,0,0.0,0.11,0,1
28640121,38,2,2,1,4,1,6,5,3,6.0,74,8,6.0,0.97,0,1
28640121,38,2,2,1,4,1,8,5,3,18.0,43,24,12.4,2.75,0,1
28640122,38,2,2,1,4,1,8,5,3,39.0,106,42,26.4,5.6,4,1
28640122,38,2,2,1,4,1,3,5,3,26.0,82,38,18.4,4.1,2,1
28640182,57,1,1,0,1,1,8,3,3,57.5,121,79,37.2,8.98,0,0
30330009,41,2,2,0,6,1,1,3,3,52.0,132,53,15.2,7.32,2,1
30330035,53,1,1,0,2,1,1,6,7,26.0,93,32,7.6,4.14,2,0
30330069,67,1,1,0,1,1,9,6,7,21.0,78,33,7.6,3.64,0,0
30330106,65,1,1,0,1,1,1,5,3,22.0,86,28,7.6,3.38,0,0
30330149,64,2,2,0,2,1,4,3,2,22.0,75,30,7.6,3.55,0,0
30330170,62,2,1,0,2,1,9,6,7,69.0,225,60,46.2,9.33,5,1
30330171,66,2,2,0,4,1,4,6,4,17.7,78,28,9.6,3.44,1,0
30330172,77,1,2,0,4,1,10,6,6,17.5,110,25,7.6,2.75,3,0
30330179,70,1,2,0,1,1,8,6,7,9.5,50,10,3.8,1.39,2,1
30330216,54,1,1,1,2,1,2,5,7,13.0,56,17,3.8,2.14,2,1
30330231,72,1,1,0,0,1,9,3,7,29.0,90,38,7.6,4.79,2,0
30330231,72,1,1,0,0,1,7,3,7,302.0,303,199,116.4,52.28,5,0
30330237,63,1,2,0,1,1,10,6,3,20.5,62,29,7.6,3.17,0,0
30330238,62,2,2,0,1,1,4,6,7,20.5,60,29,7.6,3.17,0,0
30330301,67,1,1,0,2,1,10,4,3,34.0,144,43,7.6,5.36,2,1
30330302,67,1,1,0,2,1,10,4,3,25.5,127,36,16.8,4.11,4,1
30330327,41,2,1,0,5,2,9,6,7,25.0,60,21,3.8,3.53,2,1
30330353,53,1,3,0,7,1,1,6,8,26.5,112,29,9.6,4.18,1,1
30330355,33,1,2,0,2,1,1,6,7,18.5,113,27,7.6,2.94,2,1
30330369,45,1,1,2,8,1,7,5,6,2.0,25,4,3.8,0.49,0,2
30330370,44,2,1,0,5,1,4,5,4,22.0,73,34,7.6,3.61,0,1
30330409,43,2,1,0,2,2,1,6,4,16.5,87,26,7.6,2.72,2,0
30330485,36,1,2,0,3,1,1,6,7,11.0,73,12,11.4,1.62,1,1
30330486,34,2,2,0,2,1,8,6,7,46.5,200,66,17.2,7.44,5,1
30330486,34,2,2,0,2,1,2,6,7,29.0,118,38,7.6,4.66,4,1
30330513,48,1,1,1,2,1,1,6,7,100.5,277,88,58.6,12.91,6,1
30330535,42,1,1,0,5,1,10,6,7,5.5,65,10,7.6,1.1,1,1
30330535,42,1,1,0,5,1,10,6,7,5.5,43,10,7.6,1.1,0,1
30330535,42,1,1,0,5,1,10,6,7,5.5,80,10,7.6,1.1,1,1
30330536,42,1,1,0,5,1,1,6,7,155.0,170,93,55.0,19.86,3,0
30330558,47,1,1,1,2,1,1,6,4,18.5,96,31,7.6,3.28,2,0
30330558,47,1,1,1,2,1,9,6,4,16.05,59,28,7.6,2.94,0,1
30330565,37,2,0,0,5,2,1,5,6,19.5,86,34,7.6,3.42,0,0
30330569,41,2,1,0,2,2,9,4,4,16.0,43,25,7.6,2.67,0,0
30330624,38,2,0,0,5,3,7,3,3,210.0,278,133,94.6,27.14,6,0
30330629,48,2,1,0,2,1,1,3,6,13.0,123,23,11.4,2.51,2,1
30330631,70,1,1,0,0,1,9,6,3,11.0,28,15,3.8,1.72,0,0
30330632,70,1,1,0,0,1,9,6,3,11.0,28,15,3.8,1.72,0,0
30330639,51,2,1,0,1,1,1,5,6,5.0,85,10,25.4,0.96,3,0
30330653,49,2,1,0,1,1,9,3,7,19.0,84,30,7.6,4.13,1,0
30330653,49,2,1,0,1,1,9,3,7,19.0,92,30,7.6,4.13,1,0
30330669,33,2,1,0,1,1,1,3,3,18.0,74,29,7.6,3.04,0,0
30330669,33,2,1,0,1,1,9,3,3,7.0,89,13,7.6,1.33,1,1
30330674,45,1,2,0,1,1,1,6,4,28.0,86,37,7.6,4.5,2,1
30330674,45,1,2,0,1,1,1,6,4,31.5,189,40,11.4,4.99,4,1
30330675,53,2,0,0,1,3,1,3,3,66.0,301,50,21.6,8.77,4,0
30330693,44,1,1,1,1,1,1,5,7,34.0,118,42,7.6,5.27,2,1
30330717,64,1,2,1,0,1,1,1,8,33.5,152,54,15.2,5.66,2,1
30330725,45,1,2,0,2,1,1,6,4,80.0,226,72,32.4,10.46,3,1
30330751,58,1,2,0,2,1,1,6,3,93.0,182,69,30.0,12.55,2,1
30330770,64,1,1,1,4,1,2,4,7,21.1,141,33,9.8,3.64,3,2
30330778,65,1,1,0,2,1,4,4,6,19.0,47,28,7.6,3.18,1,0
30330798,63,2,2,0,4,2,9,6,6,3.0,41,5,3.8,0.54,1,1
30330798,63,2,2,0,4,2,8,6,6,2.5,22,4,3.8,0.4,0,1
30330821,31,1,0,0,1,2,1,6,8,17.5,55,24,7.6,2.69,0,0
30330833,51,1,2,1,7,2,1,6,8,22.0,83,31,7.6,3.58,1,2
30330851,46,1,2,1,6,1,1,5,8,17.5,93,25,7.6,2.97,0,1
30330852,38,2,2,1,6,1,9,5,7,41.0,115,40,21.8,5.88,4,1
30330875,37,2,1,1,5,1,4,5,5,38.0,109,37,7.6,6.29,2,1
30330875,37,2,1,1,5,1,8,5,5,1.8,23,4,7.6,0.52,0,1
30330879,49,2,1,0,1,1,1,4,4,26.0,79,24,13.4,3.51,2,1
30330920,71,1,1,0,0,3,9,4,8,27.0,106,37,7.6,4.63,2,0
30330951,70,1,1,0,1,1,7,6,6,11.0,33,15,3.8,1.81,0,0
30330972,66,1,1,0,2,1,11,6,7,10.0,48,17,3.8,1.75,1,2
30330986,25,2,1,0,4,2,11,5,7,34.5,162,50,15.2,6.13,2,2
30330997,59,1,1,0,2,1,1,4,6,11.0,45,16,3.8,1.79,2,1
30331017,57,2,2,0,2,1,1,4,3,18.0,58,30,7.6,3.07,0,0
30331035,57,1,1,0,0,1,1,6,3,74.0,160,67,22.8,10.19,4,1
30332010,46,2,1,1,2,1,1,6,6,86.0,210,74,49.2,12.22,5,1
30860007,35,1,2,0,2,1,1,6,4,13.0,68,21,7.8,2.06,2,1
30860007,35,1,2,0,2,1,9,6,4,6.5,80,10,47.4,0.96,2,1
30860015,55,2,1,0,1,3,1,3,3,29.0,122,44,15.4,4.99,3,0
30860017,43,2,2,2,4,1,10,3,3,34.0,121,52,36.8,5.49,6,0
30860018,16,2,2,2,4,3,1,3,2,25.0,152,42,7.6,4.16,0,0
30860031,47,2,1,0,1,1,1,3,3,56.5,248,71,22.8,7.18,5,1
30860032,47,2,1,0,1,1,1,3,3,38.5,232,57,19.0,5.86,5,1
30860033,51,2,3,0,3,1,6,3,3,7.0,59,12,11.4,1.23,2,1
30860061,33,2,2,0,2,1,9,5,4,104.5,190,93,34.6,14.6,6,1
30860095,28,2,2,0,4,1,1,4,4,2.3,99,3,7.6,0.37,0,1
30860141,59,2,2,0,1,1,1,5,6,17.0,93,26,15.2,2.72,2,1
30860142,59,2,2,0,1,1,4,5,6,45.0,123,58,15.2,6.79,4,1
30860145,66,2,1,0,0,1,2,4,3,8.0,55,13,3.8,1.38,2,1
30860145,66,2,1,0,0,1,9,4,3,13.0,23,22,3.8,2.24,1,1
30860155,44,2,2,0,4,2,1,4,3,9.5,61,17,3.8,1.63,1,0
30860167,69,1,1,0,2,1,4,2,3,31.0,115,44,11.6,5.36,4,1
30860168,69,2,1,0,2,1,8,2,4,36.3,212,62,15.2,6.45,6,1
30860175,38,1,1,0,3,1,8,3,3,85.5,444,100,33.4,12.64,8,1
30860181,81,2,1,0,0,1,9,4,5,14.0,73,24,3.8,2.38,0,1
30860215,75,1,2,0,2,1,9,4,7,3.7,6,5,0.0,0.67,0,1
30860216,70,2,2,0,2,1,4,4,8,15.5,118,36,11.6,3.27,0,1
30860227,63,1,2,0,0,1,11,6,5,54.0,135,53,28.2,7.28,2,1
30860227,63,1,2,0,0,1,9,6,5,24.0,77,29,17.2,3.54,2,1
30860239,35,2,2,1,3,1,9,4,3,14.5,83,26,7.6,2.72,3,1
30860240,35,2,2,1,3,1,8,4,3,23.5,129,43,7.6,4.27,2,1
30860245,43,1,1,0,2,1,8,5,7,27.4,181,42,14.2,4.8,4,1
30860246,43,1,1,0,2,1,1,5,7,30.0,149,37,7.6,4.69,2,1
30860249,55,1,1,0,3,1,1,6,8,102.0,29,104,3.8,13.81,0,2
30860250,55,2,1,0,3,1,1,6,4,49.0,213,90,23.0,8.61,4,1
30860253,37,2,2,0,4,1,1,4,2,76.0,163,88,34.2,10.99,3,1
30860254,43,1,2,0,4,1,1,4,4,32.0,156,57,9.6,5.29,4,1
30860265,36,1,2,0,2,1,4,6,3,55.0,100,49,22.8,7.72,2,1
30860274,41,1,1,0,3,2,1,5,6,43.0,122,65,15.2,6.86,2,0
30860310,19,2,2,2,5,2,3,6,2,21.0,143,42,13.4,4.11,3,0
30860391,37,2,1,0,5,2,1,5,6,19.0,85,30,7.6,3.11,3,0
30860394,47,1,2,0,8,1,1,4,3,11.0,87,16,5.8,1.88,1,1
30860443,49,1,2,0,3,1,9,6,3,62.0,157,64,33.0,8.28,5,1
30860444,49,1,2,0,3,1,1,6,3,39.0,138,56,11.6,6.61,2,2
30860447,73,2,2,0,0,1,6,2,3,5.5,62,7,0.0,0.79,0,1
30860447,73,2,2,0,0,1,4,2,3,8.0,19,13,3.8,1.29,0,1
30860448,82,1,2,0,0,1,2,2,3,10.5,35,17,7.6,1.92,0,1
30860449,67,1,1,0,1,1,10,3,3,10.0,95,14,11.6,1.69,2,1
30860450,67,1,1,0,1,1,9,3,3,1.9,29,3,3.8,0.4,0,1
30860450,67,1,1,0,1,1,7,3,3,54.5,291,85,46.0,9.11,8,0
30860491,46,2,1,2,4,1,1,6,6,87.0,193,85,45.4,12.71,5,0
30860495,34,2,1,0,3,2,4,5,3,23.0,92,49,11.4,4.41,2,0
30860533,38,2,1,0,4,1,11,3,3,28.0,146,48,15.2,4.69,4,1
30860533,38,2,1,0,4,1,8,3,3,89.0,289,103,30.4,12.67,6,1
30860539,43,2,2,0,5,1,8,6,7,4.5,18,8,3.8,0.75,0,1
30860539,43,2,2,0,5,1,8,6,7,24.0,36,46,7.6,3.93,0,1
30860539,43,2,2,0,5,1,1,6,7,31.0,97,35,7.6,4.49,2,1
30860540,50,1,2,0,7,1,1,6,8,86.0,224,89,23.0,12.75,6,1
30860545,55,2,2,1,4,1,1,6,7,42.0,122,60,7.6,6.66,2,1
30860546,53,1,2,1,5,1,1,6,7,18.3,112,33,11.4,3.37,3,1
30860595,69,2,1,0,0,1,7,2,2,30.0,100,49,7.6,4.94,2,0
30860603,22,2,1,0,2,3,1,4,3,33.5,144,53,11.4,5.32,3,0
30860616,65,2,1,0,1,1,7,2,4,116.0,426,136,45.6,17.01,8,1
30860644,71,1,1,0,0,1,9,2,2,11.0,55,23,34.0,2.24,2,1
30860650,70,1,1,1,2,1,10,3,3,283.0,327,192,111.6,37.39,6,0
30860672,58,2,1,1,3,1,1,2,3,1.3,35,4,7.6,0.7,0,1
30860708,36,2,2,0,5,1,10,6,8,190.0,235,147,77.4,25.92,4,1
30860711,66,1,1,1,4,1,1,4,3,47.0,169,74,15.2,7.75,2,1
30860712,66,1,1,1,4,1,1,4,3,42.0,250,76,23.2,7.48,9,1
30860718,71,1,1,0,2,1,7,4,3,101.0,418,126,47.2,15.15,11,1
30860723,39,1,1,0,1,1,1,4,3,20.0,132,42,13.4,4.08,3,1
30860725,55,1,0,0,2,2,11,6,3,53.7,112,90,19.0,9.16,1,0
30860726,55,1,0,0,2,2,8,6,3,78.5,141,138,58.6,11.79,3,0
30860737,69,1,1,1,1,1,7,3,3,186.0,211,129,121.0,24.5,5,0
30860762,43,2,1,0,1,1,1,2,4,13.0,227,19,54.0,1.85,4,1
30860762,43,2,1,0,1,1,8,2,4,12.0,53,24,5.8,2.32,2,1
30860768,56,1,1,0,2,2,1,5,6,30.0,109,51,11.6,5.33,3,1
30860803,57,2,2,0,3,1,3,1,3,26.0,187,48,11.8,4.86,4,1
30860804,61,1,2,0,3,1,2,1,2,0.2,10,2,0.0,0.29,0,1
30860804,61,1,2,0,3,1,1,1,2,0.2,10,2,0.0,0.29,0,1
31320005,64,1,2,0,4,1,10,4,4,55.0,104,75,19.2,8.2,3,0
31320005,64,1,2,0,4,1,9,4,4,230.0,266,188,76.6,30.15,7,1
31320060,71,1,1,0,1,1,7,3,4,60.0,90,77,19.2,8.83,2,0
31320097,66,1,1,0,2,1,4,3,3,54.0,117,71,19.2,7.91,2,0
31320098,66,1,1,0,2,1,9,3,3,311.0,306,255,126.2,41.94,6,0
31320316,49,1,2,1,4,1,1,4,3,5.0,21,7,6.4,0.92,0,1
31320335,40,1,1,1,4,1,1,3,3,28.0,63,35,9.6,4.07,2,1
31320455,61,1,1,0,1,1,1,4,3,23.0,94,32,9.6,3.42,2,1
31320656,42,1,2,0,4,1,1,6,6,54.0,95,70,19.2,7.97,4,0
31320685,43,1,2,2,2,1,1,4,3,20.0,52,34,9.6,3.27,1,1
31320757,69,1,1,0,3,1,11,4,4,144.0,156,124,60.4,18.87,4,0
31320758,46,1,1,0,3,3,4,3,3,38.0,108,56,27.6,5.82,2,0
31320760,58,1,2,0,3,1,4,6,6,1.2,15,3,3.8,0.32,0,1
31320760,58,1,2,0,3,1,10,6,6,8.5,86,16,7.6,1.56,2,1
31320887,43,1,1,0,3,1,8,4,3,1.3,20,2,0.0,0.33,0,1
31320887,43,1,1,0,3,1,8,4,3,87.2,238,96,46.2,11.71,8,1
31320888,39,2,1,0,3,1,11,4,7,37.0,144,61,19.2,6.22,5,1
31321173,42,2,1,0,5,1,1,3,3,60.0,136,80,15.2,9.03,6,0
31321431,29,2,0,0,1,2,11,1,3,19.0,48,28,10.4,2.79,1,1
31321476,77,1,1,0,3,1,4,4,4,0.8,18,1,3.8,0.27,0,2
31321476,77,1,1,0,3,1,11,4,4,1.1,20,2,3.8,0.33,0,1
31321487,34,2,0,0,2,3,1,2,3,40.0,116,75,19.2,6.71,3,0
31321488,63,2,0,0,4,3,11,2,6,18.0,73,27,11.6,2.68,2,0
31321488,63,2,0,0,4,3,7,2,6,13.0,50,19,14.2,1.88,1,0
31321589,34,1,1,0,2,1,1,3,4,1.2,20,0,0.0,0.29,0,2
31321590,34,1,1,0,2,1,11,3,4,0.2,2,0,0.0,0.1,0,1
31321590,34,1,1,0,2,1,5,3,4,0.2,2,0,0.0,0.1,0,1
31321592,56,1,1,0,4,2,1,5,7,321.0,319,256,122.4,42.86,8,0
32710154,40,2,1,1,6,1,4,4,3,7.0,60,10,6.8,1.15,0,1
32710159,51,1,2,0,2,1,1,5,3,111.0,28,74,45.8,1.22,0,1
32710161,51,2,2,0,2,1,1,3,3,6.0,71,12,8.0,1.05,0,1
39010095,24,2,3,1,1,1,4,4,3,35.0,117,51,19.0,5.69,1,1
39010096,24,2,3,1,1,1,1,4,3,14.0,34,26,8.0,2.64,0,1
39010115,57,1,2,1,0,1,1,4,3,6.5,19,10,3.0,1.09,0,1
39010116,51,2,2,1,0,1,1,4,2,6.5,19,10,3.0,1.09,0,1
39020001,30,1,2,0,0,1,7,6,3,24.0,93,38,11.8,4.0,1,1
39020001,30,1,2,0,0,1,10,6,3,49.0,178,64,24.8,7.48,2,1
39020134,56,1,0,0,4,3,2,6,7,215.0,153,151,50.2,27.54,2,0
39020209,45,1,2,1,2,1,1,6,3,20.0,87,30,10.2,3.38,1,1
39110096,54,1,1,1,2,1,1,4,3,13.0,37,15,7.4,1.85,1,0
39110220,63,2,2,0,0,1,4,3,2,5.5,21,7,3.4,0.79,0,1
39110257,47,1,1,0,4,2,1,4,3,12.0,40,14,7.4,1.78,1,0
39110281,39,1,1,0,1,1,10,3,3,75.0,140,100,41.0,9.74,2,0
39110409,66,1,2,0,2,1,4,3,5,6.0,43,8,3.4,0.99,1,1
39110423,77,1,1,0,1,1,11,2,6,12.0,37,13,7.4,1.71,1,1
39110438,57,1,2,2,4,1,1,6,8,82.0,141,85,31.0,10.07,1,0
39110449,19,2,2,2,4,3,7,5,2,64.0,72,63,22.2,8.17,0,0
39110450,43,2,2,2,4,2,1,5,3,3.5,16,6,4.0,0.64,0,0
39110459,58,2,2,0,5,1,3,6,3,41.0,190,43,75.4,5.02,3,0
39110459,58,2,2,0,5,1,3,6,3,212.0,133,147,59.6,27.16,2,0
39110459,58,2,2,0,5,1,1,6,3,13.0,81,15,4.0,1.89,0,1
39110459,58,2,2,0,5,1,1,6,3,8.0,44,10,3.4,1.16,0,1
39110471,51,1,2,2,4,1,1,5,3,12.0,39,14,7.4,1.82,1,0
39110605,47,2,2,2,3,2,7,4,2,425.5,252,309,110.4,55.36,3,0
39110675,41,1,1,0,5,1,4,4,4,0.7,17,1,3.0,0.16,0,1
39110675,41,1,1,0,5,1,9,4,4,14.0,28,15,7.6,1.73,0,1
39110781,47,1,1,1,1,1,1,4,3,12.0,65,15,7.4,1.85,1,1
39110815,56,1,1,1,4,1,1,4,8,24.0,101,28,14.4,3.45,2,0
39110816,24,2,1,1,3,2,4,4,5,428.5,228,299,108.8,54.84,3,0
39110969,38,2,1,1,4,1,3,3,3,6.5,22,9,4.0,0.96,0,0
39110970,38,2,1,1,4,1,7,3,3,15.5,53,21,8.0,2.35,0,0
39110987,48,1,1,0,1,1,1,3,3,11.0,84,14,7.0,1.71,2,1
39110987,48,1,1,0,1,1,1,3,3,11.0,80,14,6.4,1.71,2,1
39110995,58,1,1,1,6,2,1,6,6,12.0,35,14,7.4,1.78,1,0
39111246,74,2,0,0,0,3,4,1,3,17.5,50,22,7.4,2.52,0,0
39111287,40,2,1,0,1,1,4,2,3,39.5,176,51,20.0,6.92,2,1
39111355,45,1,1,1,4,1,1,4,7,24.0,107,28,14.4,3.51,2,1
39111355,45,1,1,1,4,1,11,4,7,0.56,4,2,0.0,0.09,0,1
39111356,40,2,1,1,4,2,9,4,3,14.0,140,14,8.2,1.6,2,1
39111360,38,1,1,0,3,3,1,5,6,8.0,36,18,8.0,1.95,0,0
39111360,38,1,1,0,3,3,1,5,6,8.0,56,18,4.0,1.95,0,0
39120013,55,2,2,1,2,2,1,4,6,416.0,240,284,116.0,52.91,4,0
39120015,32,2,2,1,4,1,1,5,6,27.0,110,31,15.4,3.85,2,1
39120016,40,1,2,1,4,1,1,5,3,17.5,67,23,8.0,2.54,0,1
39120150,53,2,2,0,1,2,4,3,3,9.0,37,12,4.0,1.29,0,0
39120150,53,2,2,0,1,2,7,3,3,11.0,60,12,8.0,1.58,2,0
39120197,17,1,2,4,5,3,4,4,2,8.5,27,11,4.0,1.22,0,0
39120198,19,1,2,4,5,2,11,4,2,493.5,477,482,230.0,66.79,3,0
39120245,44,1,1,0,6,1,1,5,8,28.0,98,32,16.0,4.03,2,0
39120246,36,2,1,0,6,1,9,5,3,23.5,99,35,7.4,3.71,0,1
39120250,76,1,1,0,0,1,4,4,6,10.6,107,14,11.4,1.55,2,1
39120372,34,2,1,0,2,2,1,5,3,12.0,51,17,8.0,1.85,0,0
39120424,46,2,1,2,2,2,4,4,3,16.0,52,20,8.0,2.26,0,0
39120435,88,1,0,0,0,3,6,2,3,1.8,14,3,3.0,0.33,0,0
39120436,88,1,0,0,0,3,7,2,3,17.0,67,22,8.0,2.45,0,0
39120457,56,2,2,0,3,1,4,5,4,438.5,269,328,112.8,58.39,2,0
39120458,58,1,2,0,2,1,1,6,8,24.0,120,29,12.0,3.65,3,1
39120497,63,2,1,0,4,1,11,4,4,163.0,144,132,48.0,21.41,2,0
39120509,52,1,2,1,2,1,1,6,7,30.0,120,36,15.4,5.16,2,1
39120519,45,1,1,0,3,1,1,4,3,13.0,66,14,8.0,1.85,1,0
39120519,45,1,1,0,3,1,8,4,3,8.0,24,10,4.0,1.13,0,1
39120559,41,1,1,0,1,1,1,4,3,8.0,30,10,4.0,1.12,0,0
39120999,40,2,1,1,5,1,1,5,3,19.0,86,24,7.0,2.65,0,1
42270007,56,2,1,0,0,1,1,3,3,63.0,108,80,14.8,9.39,2,0
42270059,35,2,1,0,1,1,1,4,6,0.6,12,2,0.0,0.26,0,2
42270059,35,2,1,0,1,1,1,4,6,0.6,12,2,0.0,1.42,0,2
42270059,35,2,1,0,1,1,11,4,6,10.0,82,16,9.6,1.95,3,1
42270059,35,2,1,0,1,1,10,4,6,10.0,75,18,5.4,1.92,1,1
42270121,63,1,1,0,3,1,4,4,3,28.0,64,34,7.4,4.11,2,0
42270136,55,2,1,0,2,1,1,3,3,37.5,136,59,13.8,6.03,5,1
42270163,38,1,1,0,0,1,1,4,4,38.0,124,62,10.6,6.22,4,1
42270192,62,1,2,0,4,2,4,3,3,1.8,18,3,3.2,0.39,0,1
42270209,54,1,1,0,2,1,10,3,3,137.0,275,116,43.2,18.59,6,1
42270214,22,1,3,0,3,1,3,4,5,54.0,134,70,20.4,7.94,4,0
42270214,22,1,3,0,3,1,10,4,5,27.0,47,35,7.4,4.06,1,0
42270228,54,1,2,0,0,1,7,4,4,16.0,112,27,9.6,2.77,1,1
42270228,54,1,2,0,0,1,1,4,4,78.5,227,84,23.2,11.01,7,1
42270264,57,2,2,0,0,1,9,2,2,101.0,219,139,29.6,15.09,6,0
42270323,44,1,2,0,4,1,1,5,6,30.0,161,55,14.2,5.85,4,1
42270323,44,1,2,0,4,1,1,5,6,37.5,160,66,20.8,6.92,3,1
42270350,41,2,1,1,2,1,1,4,3,12.0,79,22,4.4,2.29,1,1
42270350,41,2,1,1,2,1,1,4,3,12.0,76,22,5.4,2.29,1,1
42270540,50,1,1,0,3,1,1,3,3,2.0,24,2,0.0,0.49,0,1
42270610,50,1,0,1,0,2,10,1,3,2.3,21,4,6.4,0.49,0,2
42270631,56,1,1,3,6,2,1,5,6,2.8,31,6,4.4,0.6,0,2
42270631,56,1,1,3,6,2,1,5,6,11.4,55,18,8.6,2.01,1,1
42270747,42,2,1,0,1,1,1,4,4,67.0,214,134,33.2,11.22,5,0
42270851,33,2,1,2,3,1,7,6,6,12.8,91,21,6.4,2.29,1,1
42270878,38,1,1,0,1,1,1,1,2,24.0,54,30,5.1,3.37,2,1
42270907,34,1,2,0,5,1,7,5,4,52.0,211,72,36.6,7.77,4,1
42270907,34,1,2,0,5,1,1,5,4,1.6,16,3,0.0,0.32,0,1
42270908,32,2,2,0,5,1,7,5,3,1.2,10,2,0.0,0.29,0,1
42270974,44,1,1,0,4,1,1,4,3,54.0,130,70,25.0,8.37,6,0
42270995,36,1,1,1,3,1,10,3,6,0.6,2,0,0.0,0.17,0,2
42270996,39,2,1,1,3,1,1,4,3,53.0,113,69,14.8,7.98,4,0
42271015,43,2,1,0,3,1,1,3,6,40.0,172,60,24.5,6.1,4,0
42271065,53,2,1,0,1,1,1,3,4,28.0,58,40,12.5,4.44,2,1
42271065,53,2,1,0,1,1,2,3,4,1.7,14,3,3.2,0.33,0,1
42271066,53,2,1,0,1,1,1,3,4,28.0,53,40,5.1,4.44,2,1
42271067,42,2,1,0,2,1,1,2,3,14.0,98,22,5.4,2.52,0,1
42271092,43,2,2,4,2,1,1,5,3,53.0,96,72,14.8,8.13,2,0
42271140,25,2,1,0,1,1,10,3,3,61.9,111,98,28.2,9.46,1,0
42271144,61,2,0,0,0,3,4,2,4,11.0,54,18,6.4,1.89,2,0
42271145,56,2,1,0,2,1,7,3,4,101.0,257,115,53.4,14.75,8,0
42271162,68,2,0,0,0,2,4,1,2,35.0,108,52,20.8,5.36,4,0
42271192,41,1,1,0,6,1,1,4,3,53.0,162,66,25.0,7.81,4,0
42271243,44,1,2,1,4,1,1,5,6,74.0,194,77,20.0,10.23,5,0
42271271,62,1,1,1,2,1,1,5,3,0.8,10,0,0.0,0.11,0,2
42271271,62,1,1,1,2,1,1,5,3,0.8,10,0,0.0,0.11,0,2
42271271,62,1,1,1,2,1,9,5,3,1.6,16,16,0.0,0.0,0,1
42271272,62,2,1,1,2,1,4,5,3,2.5,13,4,3.2,0.5,0,1
42271337,68,1,1,0,1,1,10,2,3,207.0,254,167,70.0,27.87,6,0
42271395,42,1,1,0,5,1,5,5,4,0.9,9,2,0.0,0.23,0,1
42271395,42,1,1,0,5,1,4,5,4,2.0,23,4,3.2,0.44,0,1
42271423,84,1,1,0,2,1,11,2,7,56.5,147,78,17.0,8.97,4,0
42280033,76,1,1,0,1,1,11,3,4,0.4,3,1,0.0,0.07,0,1
42280033,76,1,1,0,1,1,6,3,4,4.0,19,7,3.8,0.64,0,1
42280033,76,1,1,0,1,1,4,3,4,4.5,19,7,3.8,0.67,0,1
42280034,76,1,1,0,1,1,4,3,4,4.5,24,7,3.8,0.67,0,1
42280034,76,1,1,0,1,1,9,3,4,0.35,4,1,0.0,0.07,0,1
42280034,76,1,1,0,1,1,10,3,4,0.5,4,1,0.0,0.1,0,1
42280110,21,1,1,1,3,2,1,6,5,8.0,33,14,7.6,1.35,0,1
42280200,40,2,2,0,3,1,1,4,3,30.0,42,41,11.0,4.51,1,1
42280200,40,2,2,0,3,1,9,4,3,6.0,35,9,5.0,0.9,1,1
42280200,40,2,2,0,3,1,4,4,3,4.0,8,7,3.8,0.64,0,1
42280217,67,2,1,0,0,2,8,3,3,30.0,68,42,11.0,4.69,2,1
42280258,78,1,1,0,0,1,4,1,4,4.0,17,7,3.8,0.64,0,0
42280369,35,2,0,0,3,2,1,3,7,71.0,181,92,23.4,11.01,4,0
42280370,35,2,0,0,3,2,9,3,7,65.0,205,90,26.9,10.25,5,0
42280430,39,2,2,0,2,1,1,3,6,33.0,82,46,12.4,5.49,2,1
42280523,47,1,2,0,1,1,1,3,3,47.0,127,62,22.0,6.96,4,1
42280588,52,2,1,0,7,2,1,6,7,48.0,173,77,18.0,7.54,6,0
42280650,40,1,1,1,6,2,1,5,3,51.0,126,68,20.6,4.54,5,0
42340021,38,2,2,3,5,1,1,3,3,23.2,130,39,23.2,4.1,0,2
42340104,49,2,2,0,1,1,4,4,3,5.5,28,9,4.0,0.96,0,1
42340125,60,1,1,0,1,1,10,3,3,54.0,148,66,26.6,7.71,4,1
42340126,60,1,1,0,1,1,1,3,3,11.0,52,18,8.0,1.85,0,1
42340126,60,1,1,0,1,1,1,3,3,11.0,52,18,8.0,1.85,0,1
42340126,60,1,1,0,1,1,7,3,3,40.0,161,60,25.4,6.09,5,1
42340129,54,1,1,0,3,1,4,3,2,5.5,29,9,8.8,0.9,0,1
42340129,54,1,1,0,3,1,10,3,2,9.5,54,16,8.8,1.5,1,1
42340130,54,1,1,0,3,1,1,3,2,11.0,56,18,17.6,1.81,0,1
42340159,44,2,1,3,2,1,1,4,2,1.0,12,1,2.2,0.16,0,1
42340159,44,2,1,3,2,1,1,4,2,4.5,72,6,8.0,0.69,2,1
42340221,47,1,3,1,4,1,1,6,3,23.0,68,30,8.8,3.34,1,1
42340223,41,1,1,0,2,1,1,2,3,6.1,50,6,8.4,2.03,0,1
42340325,60,1,1,0,1,1,1,4,3,33.5,177,53,20.0,5.3,2,1
42340373,79,2,0,0,0,3,10,2,2,1.2,4,2,0.0,0.32,0,1
42340423,53,1,1,0,1,1,1,5,3,68.0,203,87,29.2,10.52,2,0
44630015,48,1,1,0,5,1,1,4,3,148.0,232,104,74.0,19.46,3,0
44630037,39,1,2,0,4,1,1,6,3,156.0,227,108,70.0,20.12,5,1
44630038,39,2,2,0,4,1,1,6,4,22.0,106,40,8.0,3.78,2,1
44630160,69,1,1,0,0,1,11,4,7,50.0,147,50,20.0,7.17,4,0
44630160,69,1,1,0,0,1,11,4,7,11.0,98,20,6.4,2.06,0,1
44630231,40,2,0,0,0,3,1,6,6,148.0,206,119,71.0,20.26,6,0
44630249,34,2,1,0,1,1,1,3,3,27.0,72,35,18.4,3.78,2,1
44630329,54,1,2,0,1,1,2,2,3,2.5,10,5,0.0,0.52,0,1
44630329,54,1,2,0,1,1,4,2,3,7.5,35,14,4.0,1.42,0,1
44630344,49,1,1,2,5,1,1,5,7,37.0,100,50,22.8,5.75,1,1
44630344,49,1,1,2,5,1,1,5,7,13.0,82,22,15.2,2.21,2,1
44630344,49,1,1,2,5,1,1,5,7,9.5,54,18,8.0,1.73,1,0
44630393,48,2,1,1,2,1,1,3,3,13.0,48,17,7.4,1.98,1,1
44630394,48,2,1,1,2,1,1,3,3,13.0,48,17,7.4,1.98,1,1
44630465,51,1,2,0,4,1,1,6,7,109.0,181,93,31.6,14.72,6,1
44630507,52,1,2,0,1,1,1,3,3,60.0,194,63,17.4,8.56,6,1
44630513,64,2,1,0,1,1,8,2,2,16.2,94,28,16.4,3.24,0,1
44630670,45,2,3,1,2,1,1,6,3,43.0,172,52,17.6,6.42,4,1
44630671,50,1,3,1,2,1,1,6,8,43.0,158,52,17.6,6.42,4,1
44640015,43,2,2,0,2,1,1,4,3,47.0,113,46,19.2,6.66,3,0
44640053,41,1,2,0,4,1,1,4,8,6.5,27,11,5.0,1.12,0,1
44640054,40,2,2,0,4,1,1,4,8,7.0,31,11,5.0,1.06,0,1
44640117,60,1,4,0,4,1,1,6,7,46.0,123,44,19.2,6.61,5,0
44640148,47,1,1,0,7,1,1,5,4,52.0,63,39,14.6,6.84,1,0
44640148,47,1,1,0,7,1,1,5,4,27.0,71,22,11.0,3.55,2,0
44640165,63,1,1,1,3,1,11,4,3,52.0,114,46,19.2,7.42,4,0
44640299,51,1,1,0,2,1,1,6,4,84.0,162,86,34.8,11.55,4,0
44640299,51,1,1,0,2,1,9,6,4,46.0,127,46,19.2,6.71,4,1
44640310,60,1,1,0,3,1,1,6,3,1.0,29,2,5.2,0.49,0,2
44640310,60,1,1,0,3,1,1,6,3,1.0,29,2,5.2,0.49,0,2
44640315,52,2,2,1,4,1,8,6,7,25.5,76,26,13.4,3.8,3,1
44640315,52,2,2,1,4,1,2,6,7,419.0,271,308,62.0,55.11,12,1
44640316,17,2,3,1,4,3,3,6,2,51.0,87,45,19.2,7.11,2,0
44640437,52,2,0,0,2,2,1,4,6,6.5,35,12,7.6,1.46,0,0
44640437,52,2,0,0,2,2,10,4,6,185.0,137,134,42.2,24.75,3,0
44640446,53,1,1,0,3,1,1,6,6,15.0,47,26,10.0,2.51,0,1
44640456,57,2,1,0,2,1,4,4,6,44.0,79,40,14.0,6.08,2,0
44640456,57,2,1,0,2,1,6,4,6,128.0,123,84,43.6,16.77,3,0
44640461,20,1,1,0,2,1,1,2,3,50.0,150,46,22.0,6.91,3,1
44640462,19,2,2,0,4,3,3,3,2,187.0,240,121,80.0,24.53,5,0
44640462,19,2,2,0,4,3,5,3,2,24.0,66,26,9.6,3.65,2,0
44640508,32,2,1,0,5,1,3,3,6,74.5,253,80,28.2,10.56,4,1
44640542,54,1,1,0,0,1,1,3,5,114.0,358,120,57.0,15.48,6,1
44640637,44,2,1,0,0,1,1,4,6,63.0,91,46,19.4,8.3,3,1
44640655,54,1,1,1,1,1,1,6,6,223.0,358,178,86.2,30.74,9,1
44640690,72,2,1,0,1,1,9,6,3,46.0,120,48,19.2,6.82,4,0
44670067,61,2,1,0,2,2,4,5,3,7.5,27,12,3.8,1.4,0,1
44670195,79,1,1,0,0,1,4,2,3,5.5,22,8,3.8,0.9,0,0
44670196,79,1,1,0,0,1,6,2,3,19.0,46,26,9.6,2.88,2,0
44670208,50,1,1,0,5,1,1,4,6,18.5,122,31,13.6,3.15,0,0
44670291,43,2,2,0,3,1,1,4,3,50.5,209,54,24.4,7.08,4,1
44670292,42,1,2,0,4,1,1,5,3,32.0,181,46,24.8,4.61,6,1
44670347,48,1,1,0,1,1,1,3,3,70.0,181,66,23.9,9.74,4,1
44670376,52,2,0,0,0,3,1,2,3,33.0,74,35,12.9,4.71,2,0
44670377,35,2,1,0,3,1,1,4,3,32.0,80,46,16.8,4.77,2,0
44670378,37,1,1,0,3,1,1,4,3,65.0,130,70,22.0,9.5,2,0
44670387,43,2,2,0,3,1,1,4,3,16.0,38,22,8.4,2.39,1,1
44670437,56,2,1,0,2,2,1,4,4,16.0,42,22,9.2,2.46,2,0
44670522,62,1,2,0,1,1,1,6,3,4.0,25,6,3.0,0.59,0,1
44690050,50,1,3,0,3,1,2,1,3,16.0,44,24,10.6,2.38,0,1
44690050,50,1,3,0,3,1,6,1,3,8.0,29,10,8.0,1.18,0,1
44690159,49,1,3,2,6,1,9,4,3,100.0,143,75,42.0,13.36,4,1
44690160,49,2,3,2,6,2,11,4,3,0.7,18,1,2.0,0.23,0,2
44690187,42,1,2,0,2,1,9,5,4,75.0,322,98,31.6,10.27,9,1
44690188,33,2,2,0,2,1,9,5,3,65.0,316,85,31.6,9.0,9,1
44690303,77,1,2,0,0,1,4,3,3,14.5,61,20,10.6,2.12,0,0
44690327,68,1,2,0,2,1,11,6,4,39.5,115,57,27.3,6.19,2,1
44690328,65,2,2,0,2,1,4,5,2,32.7,233,50,45.0,5.16,6,1
44692020,26,2,1,0,2,1,1,3,3,24.0,142,34,28.8,3.5,4,1
47120013,52,1,2,0,5,1,6,3,3,0.7,93,1,0.0,0.2,0,2
47120030,55,2,3,0,0,1,1,5,4,28.0,85,25,23.0,3.87,1,1
47120030,55,2,3,0,0,1,4,5,4,46.0,108,44,21.8,6.38,3,1
47120261,33,2,0,0,3,3,1,5,7,109.0,254,84,43.4,14.66,5,0
47120308,53,2,1,1,2,2,1,4,3,58.5,199,66,28.8,8.71,4,1
47120321,36,1,2,0,3,1,7,6,3,54.2,94,55,20.4,7.31,2,1
47120322,27,2,2,0,3,1,1,6,3,27.0,53,27,10.2,3.8,1,1
47120322,27,2,2,0,3,1,9,6,3,0.7,7,7,0.0,0.0,0,2
47120343,49,1,2,1,6,1,1,5,3,234.5,525,219,64.6,32.23,12,1
47120376,21,2,3,0,4,1,10,6,5,112.5,449,98,42.4,15.29,11,1
47120437,45,2,0,0,3,1,1,2,2,40.5,105,33,16.6,5.37,3,0
47120489,51,2,2,1,5,1,4,5,2,15.5,107,22,8.4,2.36,2,1
47120489,51,2,2,1,5,1,4,5,2,6.0,27,6,5.6,0.8,0,1
47120490,49,1,2,1,5,2,1,5,4,51.5,181,52,15.8,6.88,3,1
47120549,54,2,2,0,4,1,1,5,4,33.5,201,40,15.0,4.92,3,1
47120587,53,1,0,0,2,2,4,4,6,55.0,147,52,23.2,7.57,2,0
47120603,64,1,1,1,1,1,4,3,3,1.1,4,2,0.0,1.18,0,1
47120604,64,1,1,1,1,1,8,3,3,1.3,2,3,0.0,0.3,0,1
47120623,50,1,2,0,4,2,1,6,3,3.0,30,30,0.0,0.0,0,2
47120643,60,1,2,1,3,1,1,3,3,12.0,69,16,7.6,1.68,0,1
47120643,60,1,2,1,3,1,1,3,3,12.0,69,16,7.6,1.69,0,1
47120644,56,2,2,1,3,1,7,3,3,9.0,65,14,7.6,1.49,0,1
47120644,56,2,2,1,3,1,6,3,3,443.0,65,271,7.6,58.91,0,1
47120644,56,2,2,1,3,1,11,3,3,1.4,2,2,0.0,0.34,0,1
47120665,65,1,1,0,2,1,8,3,3,38.0,141,47,7.6,5.22,2,1
47120762,68,2,1,1,2,1,7,4,2,48.0,95,35,2.8,6.2,5,1
47120763,62,1,1,1,2,1,8,4,3,59.0,98,44,25.0,7.72,4,1
47120768,69,1,2,0,2,1,7,4,3,1.7,2,2,0.0,0.39,0,1
47120775,27,2,1,1,1,1,1,3,3,53.5,153,62,13.0,7.75,4,1
47120849,43,2,1,0,2,1,1,3,3,0.5,2,1,0.0,0.16,0,2
47120849,43,2,1,0,2,1,8,3,3,28.0,80,25,7.6,3.88,1,1
47120849,43,2,1,0,2,1,9,3,3,3.0,27,5,2.8,0.56,0,1
47120871,39,1,2,0,8,1,2,3,3,42.0,185,51,9.6,5.75,4,0
47120872,39,1,2,0,8,1,2,3,3,51.0,106,51,14.8,7.14,2,0
47120923,62,2,1,0,1,1,1,4,6,17.0,115,24,5.6,2.48,2,1
47120924,62,2,1,0,1,1,1,4,6,17.0,115,24,5.6,2.48,2,2
47120924,62,2,1,0,1,1,1,4,6,17.0,92,24,5.6,2.48,2,1
47120924,62,2,1,0,1,1,11,4,6,55.0,489,49,19.2,7.48,6,1
47120931,38,1,2,0,4,1,1,4,3,34.0,144,34,5.6,4.66,4,1
47120931,38,1,2,0,4,1,3,4,3,53.0,130,53,10.2,7.42,3,1
47120932,38,1,2,0,4,1,1,4,3,34.0,160,34,5.6,4.66,4,1
47120939,36,1,1,0,4,1,4,5,4,7.0,59,10,5.6,1.0,0,1
47121036,56,2,2,1,4,1,1,4,3,1.4,2,3,0.0,0.36,0,2
47121116,58,1,2,1,2,1,1,3,3,6.0,43,10,2.8,1.07,0,1
47130034,20,1,1,0,7,3,3,5,5,114.7,222,105,56.1,15.59,6,0
47130065,37,2,1,0,6,2,1,5,4,22.0,117,29,7.6,3.01,3,1
47130066,40,1,1,0,6,1,1,5,6,18.5,54,22,2.2,2.44,0,1
47130066,40,1,1,0,6,1,10,5,6,26.4,82,28,7.6,3.51,3,1
47130281,55,2,3,0,2,1,2,5,3,5.5,30,8,2.8,0.89,0,1
47130281,55,2,3,0,2,1,7,5,3,25.0,70,27,10.2,3.31,3,1
47130286,60,1,1,0,1,1,4,3,3,0.4,15,1,2.2,0.16,0,1
47130332,72,1,3,0,4,1,7,4,6,119.0,208,92,53.1,15.75,8,0
47130345,19,2,2,0,2,1,1,4,3,40.0,89,42,10.2,5.43,1,1
47130345,19,2,2,0,2,1,8,4,3,14.0,85,20,5.6,2.12,0,1
47130387,68,1,1,0,0,1,7,2,3,320.0,381,202,105.2,41.5,7,0
47130387,68,1,1,0,0,1,3,2,3,32.0,65,29,7.6,4.28,2,0
47130407,51,2,1,1,2,3,1,4,3,6.5,23,9,7.6,0.99,0,0
47130442,37,2,1,0,1,1,1,4,6,1.2,18,2,4.4,0.36,0,2
47130471,30,2,2,0,2,1,1,5,5,18.5,53,21,4.4,2.48,0,1
47130471,30,2,2,0,2,1,1,5,5,9.5,27,11,2.2,1.26,0,1
47130533,32,1,3,1,5,1,1,3,6,36.0,204,54,15.0,5.39,6,1
47130611,44,1,2,0,7,1,11,3,3,0.5,5,2,0.0,0.6,0,1
47130611,44,1,2,0,7,1,4,3,3,13.0,54,18,5.6,2.12,0,1
47130685,72,1,1,0,2,1,11,3,4,118.0,233,89,53.4,15.59,6,1
47130729,59,1,1,0,2,2,1,2,3,81.0,117,73,35.6,11.31,4,0
47130823,73,2,1,0,1,1,9,3,6,307.0,433,220,106.6,40.04,9,1
50260039,47,2,1,0,0,3,4,2,2,10.0,29,16,6.2,1.65,0,0
50260039,47,2,1,0,0,3,5,2,2,10.0,29,16,6.2,1.65,0,0
50260077,72,1,1,0,3,1,9,4,3,29.0,85,25,10.6,3.97,1,1
50260131,28,1,2,1,1,3,1,2,1,7.5,32,9,2.2,0.99,0,0
50260144,35,1,2,0,1,1,1,4,3,29.0,127,33,4.4,4.06,2,1
50260165,19,2,2,1,3,3,1,4,2,21.0,70,26,7.2,2.75,3,0
50260165,19,2,2,1,3,3,1,4,2,21.0,75,26,10.0,2.75,3,0
50260166,53,1,2,1,3,1,2,4,3,106.0,192,87,49.8,14.34,4,1
50260181,53,1,1,0,3,2,1,6,6,75.5,177,64,38.2,10.49,3,0
50260183,50,2,1,0,3,1,1,6,3,193.0,202,142,74.6,25.99,4,0
50270016,76,1,1,0,0,1,6,4,3,119.0,172,93,41.0,16.82,4,1
50270029,49,1,1,0,3,1,1,4,2,12.0,109,20,10.6,2.32,2,1
50270030,49,2,1,0,3,2,1,4,3,19.0,45,16,8.0,2.49,0,0
50270088,57,2,1,0,1,2,1,3,6,19.1,72,24,14.0,2.68,0,0
50270151,54,1,1,0,3,2,1,5,3,11.5,51,15,8.0,1.73,0,0
50270163,65,1,1,0,0,1,1,6,3,44.0,84,31,13.0,5.76,3,0
50270164,64,2,1,0,0,1,2,6,3,1.2,30,2,6.4,0.4,0,2
50270194,40,1,1,0,4,1,1,4,8,125.0,186,99,26.0,16.18,5,0
50270271,54,1,1,0,1,1,6,2,3,19.0,104,28,16.9,3.01,2,1
50270287,53,2,1,0,3,1,1,5,8,59.5,104,43,27.6,7.8,3,1
50270288,24,2,0,0,3,2,9,6,5,25.0,105,36,24.2,3.78,2,0
50270317,46,1,2,0,2,1,7,6,7,6.0,19,8,2.2,0.89,0,1
50270318,46,1,2,0,2,1,9,6,7,12.0,38,16,7.6,1.72,0,1
50270408,70,1,2,1,1,1,3,4,3,13.0,66,17,22.8,1.72,2,0
50270415,67,1,1,1,3,1,9,3,7,11.0,32,15,7.6,1.63,0,1
50270426,38,1,2,1,2,1,10,6,3,14.0,124,24,14.8,2.62,2,1
50270435,42,1,2,0,5,1,1,6,4,232.8,215,148,80.8,30.39,5,0
50270436,42,1,2,0,5,1,4,6,4,11.5,52,15,8.0,1.71,1,1
50270436,42,1,2,0,5,1,4,6,4,10.0,48,12,8.0,1.63,0,1
50270436,42,1,2,0,5,1,5,6,4,10.0,50,11,8.0,1.62,0,1
50270439,33,2,2,0,5,1,7,4,3,64.5,183,47,25.4,8.48,4,1
50270475,59,1,1,0,2,1,1,5,7,58.0,174,48,17.6,7.85,4,1
50270477,35,2,0,0,10,2,10,5,7,231.0,264,151,82.2,30.39,5,0
50270478,39,1,0,0,10,2,10,5,8,231.0,268,151,82.2,30.39,5,0
50270501,65,1,3,1,2,1,1,6,7,68.0,119,53,27.8,8.96,5,1
50270502,63,2,3,1,2,1,1,3,5,103.0,127,84,46.4,13.87,4,0
50270516,41,1,1,0,1,1,1,4,6,228.0,204,136,79.6,29.12,5,1
50270533,40,1,2,0,4,1,4,5,6,17.6,101,22,16.5,2.52,0,1
50270533,40,1,2,0,4,1,1,5,6,93.0,235,85,35.0,12.55,5,1
50270601,32,2,1,0,1,1,1,3,3,101.5,277,98,47.7,14.33,8,1
50270601,32,2,1,0,1,1,9,3,3,0.2,132,0,14.8,0.09,5,1
50270611,38,2,2,2,2,1,1,3,3,90.0,265,74,44.8,11.98,4,1
50270631,65,1,1,0,1,1,2,6,7,14.5,81,19,8.0,2.01,0,1
50270638,61,1,1,0,2,1,1,3,3,15.5,67,16,9.3,2.14,1,1
50270667,63,2,1,1,2,1,7,2,3,61.0,270,54,26.0,8.17,6,1
50270668,63,2,1,1,2,1,4,2,3,29.5,127,37,16.4,4.04,2,1
50270775,66,1,2,0,1,1,1,4,6,28.0,81,38,19.6,3.85,4,1
50270844,84,1,2,0,0,1,4,6,8,64.5,229,63,27.5,9.23,4,1
50760031,51,2,1,0,2,1,1,6,6,86.0,139,69,41.6,11.76,2,0
50760043,61,1,1,1,2,1,1,3,3,30.0,127,41,33.0,4.46,4,0
50760054,70,1,1,0,3,2,2,3,4,2.5,18,3,3.2,0.59,0,2
50760085,49,2,2,0,3,1,1,6,3,3.0,49,4,3.2,0.47,0,1
50760086,51,1,2,0,3,1,1,6,3,20.0,54,19,10.4,2.74,1,1
50760116,39,2,2,0,0,1,1,4,3,69.0,174,50,40.6,8.91,5,1
50760131,50,1,2,1,0,1,4,4,4,12.0,45,16,10.6,1.73,0,1
50760131,50,1,2,1,0,1,10,4,4,64.0,146,49,29.2,8.67,4,1
50760132,50,2,2,1,1,1,10,4,4,175.0,425,160,112.4,23.36,12,1
50760137,38,2,2,0,5,1,2,3,3,86.0,334,75,47.6,11.85,5,1
50760209,32,2,1,0,2,1,1,4,5,35.0,143,37,17.6,4.77,6,1
50760209,32,2,1,0,2,1,9,4,5,32.0,129,38,19.2,4.06,2,1
50760210,32,2,1,0,2,1,1,4,5,35.0,119,36,17.6,4.6,6,1
50760210,32,2,1,0,2,1,10,4,5,395.0,605,301,176.4,53.78,11,1
50760217,44,2,1,1,1,1,7,3,8,62.7,233,57,32.0,8.5,2,1
50760299,32,1,1,0,1,1,11,3,3,179.0,320,129,74.4,22.97,5,0
50760334,42,2,2,0,2,1,1,5,3,5.5,57,7,8.0,0.83,1,1
50760337,34,2,1,0,1,1,1,4,4,107.0,240,72,44.2,14.04,5,1
50760337,34,2,1,0,1,1,10,4,4,15.0,141,24,18.8,2.38,4,1
50760357,49,1,2,1,4,1,1,6,8,147.0,356,116,73.4,18.61,6,1
50760357,49,1,2,1,4,1,8,6,8,20.0,69,26,14.0,2.82,0,1
50760394,48,1,1,2,3,3,7,5,3,227.0,213,203,82.4,30.72,3,0
50760421,53,2,0,0,1,3,1,3,3,10.0,28,13,7.0,1.42,0,0
50760429,49,1,1,0,5,1,1,5,4,65.0,107,45,22.0,8.4,2,1
50760447,56,1,0,0,1,3,7,4,7,87.0,184,67,48.0,11.91,6,0
50760456,51,2,4,3,5,1,1,5,3,32.0,125,25,28.6,4.34,2,1
50760483,47,2,2,0,5,1,1,3,3,0.1,2,1,0.0,0.0,0,1
50760485,44,1,1,0,1,1,2,5,3,391.0,525,277,141.4,52.49,12,0
50780009,52,2,2,1,4,1,10,6,3,43.0,114,29,14.8,5.65,5,0
50780010,70,1,2,1,2,1,1,6,3,84.0,140,67,38.8,11.48,5,0
50780013,53,1,2,1,1,1,4,6,3,93.0,142,72,24.8,12.48,3,0
50780055,64,1,2,1,3,1,1,4,3,13.0,40,10,9.0,1.73,2,1
50780056,64,2,2,1,3,1,11,4,3,17.0,45,14,5.0,2.18,1,1
50780056,64,2,2,1,3,1,4,4,3,9.0,32,12,3.8,1.35,1,1
50780087,60,2,1,0,3,1,1,3,5,76.0,154,57,35.2,10.32,4,0
50780088,58,1,1,0,3,1,11,3,3,80.0,146,82,38.8,10.95,4,0
50780314,61,1,3,1,3,1,1,6,6,15.0,60,17,7.0,2.09,1,1
50780403,48,2,2,0,2,2,11,6,7,242.0,228,149,64.0,31.1,7,1
50780404,56,1,2,0,2,1,1,6,7,78.0,154,56,38.8,10.36,6,1
50780404,56,1,2,0,2,1,6,6,7,5.0,47,6,6.0,0.75,1,1
50780405,60,1,1,1,3,1,1,6,6,211.0,202,130,86.2,27.14,6,0
52720041,35,1,2,1,4,1,1,5,6,9.5,64,13,9.6,1.29,1,1
52720109,67,1,2,0,3,1,8,3,3,9.5,69,13,9.0,1.29,1,1
52720109,67,1,2,0,3,1,8,3,3,9.5,69,13,9.0,1.29,1,1
52720109,67,1,2,0,3,1,9,3,3,9.5,42,11,5.0,1.16,1,1
52720141,50,2,1,0,3,2,4,4,3,52.0,62,59,14.6,7.14,0,1
52720183,31,2,2,1,4,1,4,3,3,3.5,16,5,2.2,0.49,0,1
52720229,64,1,1,0,1,1,1,6,4,124.0,214,108,10.0,16.24,6,1
52720287,59,1,1,0,2,1,1,5,3,38.0,97,42,8.8,4.5,4,0
52720334,76,2,1,1,1,3,4,5,3,0.3,3,0,0.0,0.04,0,0
52720371,44,1,1,0,2,1,1,4,4,91.0,345,99,43.6,12.07,6,1
52720431,53,1,2,0,3,1,10,6,7,87.0,217,79,24.8,11.34,5,1
52720432,49,2,2,0,3,1,7,6,3,40.0,127,57,26.2,5.76,4,1
52720511,37,1,2,1,3,1,1,4,3,87.0,168,76,26.4,11.22,6,1
52720539,60,1,2,3,2,1,1,4,3,19.0,118,26,19.8,2.58,3,1
52720539,60,1,2,3,2,1,1,4,3,19.0,118,26,21.4,2.58,3,1
52720540,60,2,2,3,2,1,2,1,3,44.0,156,59,30.0,6.0,4,1
52720549,62,1,2,1,1,1,1,4,3,61.0,140,69,27.6,8.21,4,1
52720563,44,1,2,1,7,1,10,5,6,106.0,404,121,58.0,14.57,7,1
52720639,21,1,1,2,4,2,1,6,5,19.0,67,22,10.0,2.35,0,0
52720665,25,2,3,1,8,1,1,6,5,39.0,118,56,23.2,5.7,2,0
52730004,55,1,4,0,4,1,1,3,3,73.3,250,88,39.2,11.18,5,1
52730039,72,1,1,0,2,1,8,3,3,22.0,110,29,15.6,2.95,2,1
52730081,62,1,2,1,1,1,1,6,6,34.0,161,42,24.0,4.36,3,1
52730183,49,1,3,2,5,1,1,4,3,23.5,99,29,13.8,3.11,2,1
52730184,21,2,3,2,5,1,3,1,3,5.0,44,6,7.2,0.72,0,1
52730184,21,2,3,2,5,1,11,1,3,16.5,55,19,10.6,2.05,0,1
53060149,17,2,2,0,6,3,3,1,2,31.5,120,46,14.0,4.74,2,0
53060150,56,1,2,0,5,1,1,6,3,72.0,60,67,7.6,9.1,0,1
53060150,56,1,2,0,5,1,1,6,3,130.0,72,116,7.6,16.28,3,1
53060177,40,2,2,1,2,1,1,3,3,31.0,104,44,11.2,4.43,1,1
53060213,55,2,2,1,2,1,1,4,2,14.5,55,20,7.6,2.09,2,1
53060305,57,2,0,0,1,3,1,2,3,4.0,15,6,3.8,0.63,0,0
53060419,57,1,2,0,5,1,1,4,3,5.5,49,7,3.8,0.87,1,1
53060420,18,2,2,0,5,2,3,4,2,128.0,200,116,33.0,17.05,3,0
53060657,46,2,1,0,4,1,1,3,3,49.0,128,59,11.2,6.69,3,0
53060658,44,1,1,0,4,1,1,3,3,32.0,111,47,11.2,4.74,2,0
53060715,37,1,1,1,3,1,1,5,6,15.0,39,19,5.6,2.06,1,0
53060716,35,2,1,1,3,2,3,5,7,41.0,73,49,19.2,5.9,3,0
53060716,35,2,1,1,3,2,9,5,7,120.0,588,107,155.0,16.47,8,0
53060722,39,2,2,0,3,1,1,4,3,37.0,74,43,19.2,5.27,2,0
54200016,34,2,1,0,4,2,4,6,7,20.1,68,23,9.8,2.68,1,1
54200016,34,2,1,0,4,2,10,6,7,74.0,168,74,25.8,11.18,7,1
54200057,43,1,1,1,5,1,1,6,6,13.5,62,22,7.6,2.18,0,0
54200058,48,2,1,1,5,1,9,6,6,66.0,169,62,34.8,9.3,4,1
54200069,41,2,2,0,5,1,1,5,4,35.0,128,48,77.8,5.59,1,1
54200070,41,1,2,0,4,1,1,6,4,206.0,322,142,84.4,25.31,7,1
54200161,54,2,1,0,3,1,1,6,7,102.0,269,86,43.4,13.7,6,1
54200162,53,1,1,0,3,2,9,6,7,10.0,53,18,7.6,1.91,0,2
54200167,50,1,0,0,3,1,1,6,7,12.5,71,23,7.6,2.22,1,0
54200168,43,2,0,0,3,1,1,6,8,65.0,172,88,29.2,10.66,6,0
54200227,57,2,1,0,3,2,4,6,3,42.0,48,39,7.6,5.72,0,0
54200227,57,2,1,0,3,2,4,6,3,11.5,33,21,6.0,2.03,0,0
54200327,52,2,1,1,1,1,1,3,3,5.5,22,11,3.8,1.02,0,1
54200327,52,2,1,1,1,1,4,3,3,1.0,12,2,2.2,0.26,0,1
54200335,40,2,1,0,8,1,1,6,6,77.0,170,79,35.6,11.61,4,0
54200336,40,2,1,0,8,1,4,6,6,11.8,54,23,10.4,2.21,0,0
54200407,58,2,2,0,2,1,1,6,5,16.0,89,34,7.6,3.21,2,1
54200408,57,1,2,0,2,1,11,6,6,0.7,10,0,0.0,0.32,0,2
54200477,62,2,1,1,4,2,1,4,3,14.0,66,26,7.6,2.59,2,1
54200477,62,2,1,1,4,2,1,4,3,12.0,82,21,7.6,2.11,1,1
54200478,39,1,1,1,4,1,1,4,2,5.5,29,10,3.8,1.02,0,1
54200489,41,2,1,1,4,2,4,3,3,3.3,44,4,7.8,0.79,0,1
54200489,41,2,1,1,4,2,4,3,3,21.0,111,28,11.2,2.98,2,1
54200490,41,1,1,1,4,1,9,4,4,29.0,150,41,7.6,4.18,2,1
54200563,73,1,1,0,1,1,8,4,3,18.0,107,33,12.6,3.45,1,1
54200612,71,1,1,0,3,1,7,3,3,6.5,42,12,3.8,1.2,1,1
54200622,63,2,1,0,4,2,1,5,3,12.3,46,24,7.6,2.38,0,0
54200661,34,2,2,1,2,1,9,3,4,52.0,155,53,28.0,6.59,6,1
54200661,34,2,2,1,2,1,10,3,4,6.0,53,8,5.6,0.92,0,1
54200662,38,1,2,1,2,1,1,3,3,67.0,137,76,23.2,9.29,5,1
54200675,41,1,1,0,4,1,1,6,6,54.0,127,62,27.4,8.05,3,0
54200685,39,1,1,1,2,1,1,4,6,11.0,43,20,7.6,1.98,0,1
54200749,43,2,1,0,1,1,1,5,3,144.5,206,111,61.0,19.69,5,1
54200781,21,2,1,0,2,2,1,4,5,54.5,133,68,26.6,8.24,4,0
54200781,21,2,1,0,2,2,9,4,5,5.0,54,6,5.6,0.95,0,1
54200782,49,2,1,0,2,1,1,4,3,28.0,113,37,16.8,3.94,3,1
54200782,49,2,1,0,2,1,1,4,3,28.0,139,37,11.2,3.64,3,1
54200875,68,1,2,0,2,1,10,3,6,5.5,23,10,3.8,1.02,0,1
54200875,68,1,2,0,2,1,10,3,6,8.5,47,16,3.8,1.58,1,1
54200875,68,1,2,0,2,1,4,3,6,7.0,25,12,3.8,1.25,0,1
54200875,68,1,2,0,2,1,9,3,6,11.5,56,19,7.6,1.93,0,1
54200884,59,1,2,0,2,2,1,6,7,69.0,158,68,29.2,9.93,3,0
54200981,26,2,2,0,4,2,3,5,3,197.0,222,151,70.6,26.75,2,0
54201031,40,1,1,0,6,1,1,5,4,15.0,73,28,7.6,2.92,2,0
54201032,43,2,1,0,6,1,9,5,6,14.0,92,26,7.6,2.57,2,0
54201032,43,2,1,0,6,1,4,5,6,13.5,79,28,7.6,2.65,1,0
54201091,39,1,2,0,4,1,1,4,6,71.0,158,79,25.8,10.2,2,1
54201194,46,1,0,0,0,3,1,4,7,9.2,57,27,12.2,1.75,0,0
54201201,46,1,1,0,4,1,1,3,4,21.5,109,32,13.0,3.21,4,1
54201201,46,1,1,0,4,1,10,3,4,133.0,109,123,9.4,19.2,4,1
54201220,59,2,1,1,2,1,1,5,3,5.5,28,11,3.8,1.03,0,0
54201221,61,1,1,1,2,1,9,5,3,179.0,346,179,60.6,25.79,8,1
54260043,70,2,1,0,2,1,4,6,4,2.3,128,4,5.6,0.6,3,2
54260044,73,1,1,0,2,1,9,6,7,22.0,100,31,11.2,3.35,4,1
54260060,65,1,1,0,0,2,1,6,8,46.0,142,72,21.2,6.22,4,0
54260075,47,2,2,0,4,1,1,4,4,17.0,151,29,40.8,2.68,2,0
54260076,19,2,2,0,4,2,3,4,3,72.0,156,70,29.2,10.13,3,0
54260117,73,1,1,0,2,1,10,4,3,9.0,71,20,11.2,2.11,2,1
54260118,73,1,1,0,2,1,10,4,3,92.0,300,118,29.2,13.34,4,1
54260136,68,1,2,0,1,1,9,4,3,18.0,91,34,7.6,3.48,2,1
54260155,64,1,4,0,0,1,11,4,8,150.3,296,118,63.6,20.41,6,1
54260172,76,1,1,0,0,1,7,4,3,18.0,114,29,10.4,3.02,1,1
54260211,44,1,3,0,5,1,2,3,3,0.2,44,0,2.2,0.07,0,1
54260211,44,1,3,0,5,1,8,3,3,17.0,97,22,21.4,2.21,2,1
54260212,42,2,3,0,5,1,1,3,3,22.0,122,29,22.6,3.04,2,1
54260217,32,1,2,0,4,1,4,6,4,31.5,121,46,16.8,4.64,4,1
54260218,33,2,2,0,4,1,1,6,6,31.0,115,45,14.8,4.46,2,1
54260229,30,2,1,1,4,2,10,4,3,26.0,125,48,16.8,4.57,2,1
54260241,83,1,1,0,2,3,7,4,3,17.1,58,30,7.6,3.34,0,0
54260314,77,1,1,0,0,1,7,3,4,0.2,4,0,0.0,0.03,0,1
54260327,58,1,1,2,3,2,1,6,5,64.0,127,77,31.6,9.56,3,0
54260331,32,2,2,1,2,1,10,5,6,9.5,38,16,3.8,1.58,0,0
54260349,40,2,1,2,4,1,4,4,3,18.5,70,29,7.6,2.95,0,0
54260349,40,2,1,2,4,1,1,4,3,1.6,39,2,4.4,0.4,0,2
54260349,40,2,1,2,4,1,10,4,3,10.0,50,10,5.0,1.22,0,1
54260350,40,2,1,2,4,1,1,4,3,1.6,39,2,4.4,0.4,0,2
54260350,40,2,1,2,4,1,1,4,3,1.6,39,2,4.4,0.4,0,2
54260373,29,2,1,0,1,1,1,4,6,25.0,149,33,14.4,3.55,2,1
54260389,43,2,1,0,3,1,8,3,5,44.5,243,60,52.4,6.42,7,1
54260409,44,1,1,0,2,1,1,4,3,36.0,115,44,20.8,4.63,5,1
54260410,41,2,1,0,2,2,1,4,2,1.2,52,2,5.6,0.29,2,2
54260417,58,2,2,0,1,1,1,4,3,6.0,48,6,2.8,0.77,1,1
54260483,37,2,1,0,4,1,9,4,3,15.0,98,21,7.6,2.12,2,1
54260695,49,1,1,0,3,1,7,5,3,279.5,378,196,101.6,37.5,8,1
54260731,53,1,0,0,3,3,4,3,3,32.0,66,34,10.6,4.06,2,0
54260732,53,1,0,0,3,3,9,3,3,41.0,120,55,20.8,6.08,2,0
54260756,52,1,2,1,4,1,1,4,3,83.0,20,61,3.8,11.09,0,1
54260792,74,1,1,0,0,1,6,5,3,22.0,152,32,11.2,3.17,4,1
54260870,71,1,2,0,0,1,4,3,8,51.0,134,71,27.8,7.39,4,0
54260870,71,1,2,0,0,1,9,3,8,63.0,158,72,33.2,9.16,4,0
54260889,49,2,2,0,3,1,4,6,3,4.0,25,5,3.8,0.57,0,1
54260889,49,2,2,0,3,1,10,6,3,26.0,97,30,11.8,3.51,2,1
54260897,38,1,2,0,2,1,1,6,6,62.0,117,68,25.2,8.1,2,0
54260925,38,2,2,0,3,1,10,5,6,38.0,133,48,16.8,4.96,4,1
54260956,45,2,1,1,4,2,1,4,2,9.0,34,16,3.8,1.6,0,0
54261011,38,1,2,0,3,1,1,4,3,52.0,121,58,20.0,6.62,4,1
54261040,54,1,2,0,2,1,10,5,3,14.0,51,16,7.6,1.81,0,1
54261041,52,2,2,0,2,1,1,5,3,10.0,34,13,3.8,1.35,0,1
54261138,52,2,2,0,1,1,1,6,3,19.0,86,30,7.6,3.04,2,1
54261190,59,1,2,1,2,1,4,4,3,33.0,108,33,11.0,4.51,2,1
54261209,37,2,1,1,6,2,9,4,3,17.3,75,27,10.4,2.71,0,0
54261292,43,2,2,0,4,1,1,4,4,9.0,43,15,3.8,1.46,1,1
54261326,43,2,1,0,5,1,10,4,3,146.0,205,104,56.2,19.39,5,0
54261327,43,2,1,0,5,1,4,4,3,20.0,59,26,7.6,2.75,0,0
54261364,54,1,2,2,6,1,9,6,6,8.0,19,12,3.8,1.26,0,0
54261364,54,1,2,2,6,1,7,6,6,9.0,63,13,5.6,1.29,1,1
54261408,52,1,1,0,3,1,1,5,3,60.0,170,69,26.2,8.91,5,1
54261409,20,2,1,0,3,2,1,1,3,16.4,99,28,7.6,2.62,0,0
54261413,51,1,2,1,3,1,1,5,3,18.5,71,30,7.6,2.99,0,0
54261430,38,1,2,0,3,1,3,5,6,56.0,90,48,14.6,7.54,2,1
54261438,61,2,1,0,2,3,10,6,3,33.0,62,41,15.8,4.89,2,0
54261458,73,1,1,0,1,1,4,3,3,7.5,57,11,3.8,1.07,1,1
54261491,59,1,1,1,2,1,1,3,3,1.1,14,4,2.2,0.19,0,1
54261491,59,1,1,1,2,1,9,3,3,1.6,16,3,2.2,0.37,0,1
54261491,59,1,1,1,2,1,4,3,3,8.0,40,11,5.6,1.22,1,1
54261512,62,2,2,1,4,1,1,5,4,7.5,32,13,3.8,1.28,0,1
54261518,70,1,2,0,2,1,9,4,6,34.0,74,40,15.8,4.59,2,1
54261519,70,2,2,0,2,1,9,4,4,34.0,74,40,15.8,4.59,2,1
54261566,51,2,1,1,1,2,1,4,1,2.4,34,14,5.6,0.26,0,1
54261566,51,2,1,1,1,2,4,4,1,1.6,31,2,5.6,0.26,0,1
54261567,62,1,1,0,1,1,1,4,3,10.0,43,10,5.6,1.22,0,1
54261567,62,1,1,0,1,1,11,4,3,20.0,88,34,7.6,3.4,2,1
54261626,57,2,1,0,2,2,10,4,3,135.5,254,129,54.0,19.22,2,0
54261627,63,1,1,0,2,1,9,4,4,22.0,115,32,11.2,3.21,3,1
54420061,66,2,1,0,1,1,4,4,3,5.5,29,12,3.8,1.15,1,0
54420062,69,1,1,0,1,1,10,4,7,5.0,20,10,3.8,1.06,0,0
54420085,33,2,1,0,2,2,4,3,3,5.5,11,12,3.8,1.18,0,1
54420119,76,2,1,0,2,1,9,3,3,167.0,183,125,57.6,22.68,3,0
54420120,68,1,1,0,2,1,9,4,4,13.5,28,21,7.6,2.14,0,1
54420120,68,1,1,0,2,1,9,4,4,12.0,54,24,7.6,2.64,0,0
54420163,71,1,3,0,3,1,7,6,5,5.5,36,11,3.8,1.12,1,0
54420437,51,1,1,1,2,1,10,4,3,10.5,42,21,7.6,2.05,0,0
54420441,59,1,1,0,3,1,1,6,3,16.5,87,20,10.2,2.45,2,1
54420563,59,2,1,0,0,1,7,1,6,27.0,51,29,13.6,4.07,1,0
54420577,52,2,1,0,2,1,4,3,4,6.0,28,12,3.8,1.16,0,1
54420585,45,1,1,1,4,1,1,3,3,23.0,65,32,16.8,3.25,0,0
54420606,38,1,1,0,3,1,1,5,4,208.0,185,135,80.8,27.38,6,0
54420643,40,2,1,0,8,2,10,6,7,147.0,217,130,66.0,20.58,3,1
54420688,60,2,1,0,1,1,10,3,3,11.0,29,22,7.6,2.34,0,0
54420699,43,2,1,1,4,2,11,1,3,5.5,25,12,3.4,1.2,0,0
54420839,44,2,0,0,1,2,4,4,7,11.0,48,22,6.8,2.15,0,0
54420840,19,1,0,0,2,3,3,4,2,12.0,53,24,6.8,2.49,0,0
54420907,61,2,1,0,0,2,1,3,3,62.0,165,66,14.8,8.31,7,1
54420907,61,2,1,0,0,2,4,3,3,0.2,38,0,0.0,0.09,0,2
54420910,69,2,0,0,1,3,11,4,3,5.0,27,6,7.6,0.86,0,0
54420910,69,2,0,0,1,3,6,4,3,118.0,161,120,19.1,16.18,5,0
54420971,62,2,1,0,2,1,7,4,3,10.5,34,19,7.6,2.26,0,0
54420972,67,1,1,0,2,1,7,4,3,10.5,44,19,7.6,2.26,0,0
54421043,51,1,0,0,4,1,1,5,7,3.8,51,7,7.6,0.75,0,2
54421043,51,1,0,0,4,1,1,5,7,5.3,53,10,7.6,1.2,1,2
54421128,78,2,1,0,0,1,11,4,3,5.0,21,11,3.8,1.15,0,0
54421128,78,2,1,0,0,1,10,4,3,28.0,54,30,13.6,4.08,1,0
54421189,45,1,2,0,4,1,1,6,3,9.5,57,14,7.6,1.52,0,1
54421189,45,1,2,0,4,1,1,6,3,9.5,57,14,7.6,1.52,0,1
54421189,45,1,2,0,4,1,10,6,3,27.0,59,28,13.6,3.88,2,0
54421191,61,1,1,0,3,1,7,4,3,219.0,314,192,95.8,10.62,4,0
54421192,61,1,1,0,3,1,1,4,3,62.0,115,63,27.2,8.87,5,0
54421201,54,2,3,0,3,1,3,6,6,126.0,169,86,36.0,16.68,5,0
54421257,66,1,1,0,2,1,9,4,2,5.0,21,11,3.8,1.1,0,0
54421279,33,1,0,0,2,2,6,3,6,57.0,67,61,27.2,8.37,2,0
54421279,33,1,0,0,2,2,11,3,6,50.0,81,52,23.4,7.42,2,0
54421282,32,2,0,0,2,3,10,2,3,57.0,107,61,28.8,8.44,4,0
54421379,63,1,1,1,1,1,10,4,5,12.0,34,19,5.6,1.86,0,1
54421439,42,1,2,1,3,1,1,6,3,53.0,110,52,27.2,7.65,5,0
54421440,43,2,2,1,3,1,1,6,4,58.0,100,64,27.2,8.86,4,0
54421440,43,2,2,1,3,1,8,6,4,26.0,106,33,18.4,4.33,3,1
54440058,53,2,1,1,5,1,1,4,2,9.0,83,12,5.6,1.23,2,2
54440058,53,2,1,1,5,1,10,4,2,73.0,134,55,33.6,9.76,6,1
54440108,63,2,1,0,1,1,9,4,6,22.0,75,38,11.2,3.75,0,0
54440122,63,1,2,0,1,1,1,5,3,26.4,147,36,11.2,3.7,4,1
54440123,64,2,2,0,1,1,4,1,2,9.0,40,14,15.2,1.49,0,1
54440142,73,1,1,0,2,1,9,3,3,14.0,91,20,7.6,2.12,2,1
54440148,76,1,1,0,1,1,11,3,3,20.5,81,28,11.4,3.01,0,1
54440149,72,2,1,0,1,1,8,3,3,33.0,126,46,19.0,4.86,0,1
54440188,46,2,4,1,2,1,1,6,6,37.0,131,46,14.8,5.09,6,1
54440235,40,1,1,0,1,1,1,3,3,151.0,414,125,45.8,20.1,8,1
54440295,67,2,1,0,1,1,7,2,3,39.5,184,58,25.6,5.95,4,1
54440340,62,1,2,0,4,1,4,4,4,24.0,108,44,11.2,4.27,0,1
54440340,62,1,2,0,4,1,10,4,4,15.0,89,22,7.6,2.24,1,1
54440341,62,2,2,0,4,1,4,4,3,21.5,90,34,19.0,11.89,0,1
54440366,45,2,2,1,4,1,4,4,3,9.0,42,14,7.6,1.49,0,1
54440366,45,2,2,1,4,1,2,4,3,0.4,28,1,5.6,0.2,0,2
54440426,41,1,1,1,3,2,1,5,7,24.0,90,42,18.6,4.03,0,0
54440438,28,2,0,0,0,3,9,1,5,8.0,53,14,8.0,1.55,0,0
54440439,28,2,0,0,0,3,5,1,5,93.0,184,88,39.2,14.39,1,0
54440474,39,1,2,2,5,1,1,4,6,24.0,138,36,11.2,3.58,4,1
54440474,39,1,2,2,5,1,1,4,6,29.5,142,42,18.8,4.3,3,1
54440475,39,1,2,2,5,1,1,4,6,30.0,199,42,18.8,4.27,5,1
54440508,48,1,2,1,4,1,1,5,4,59.0,207,58,32.0,7.84,6,1
54440509,48,1,2,1,4,1,9,5,4,22.0,141,30,11.2,3.15,2,1
54440528,44,2,1,0,0,1,3,5,3,0.6,24,0,4.4,0.09,0,2
54440529,44,2,1,0,0,1,1,5,3,36.0,118,56,20.8,5.6,4,1
54440529,44,2,1,0,0,1,10,5,3,0.4,4,0,0.0,0.14,0,2
54440541,56,2,2,0,3,1,10,5,3,32.0,80,29,16.4,5.83,1,0
54440574,62,1,1,0,2,2,1,5,3,28.0,126,40,15.2,4.18,0,0
54440575,62,1,1,0,2,2,3,5,3,205.0,212,142,88.0,26.67,8,0
54440575,62,1,1,0,2,2,11,5,3,9.0,64,12,7.6,1.4,0,1
54440582,72,1,2,0,2,1,4,2,3,4.5,23,7,3.8,0.75,0,1
54440583,72,1,2,0,2,1,10,2,3,191.0,260,62,72.0,24.53,3,1
54440592,56,1,2,0,4,1,1,5,3,54.0,218,69,36.0,8.15,4,1
54440796,37,1,2,1,4,1,1,4,3,41.0,144,54,23.6,6.28,4,1
54440872,48,1,1,0,2,1,1,3,2,26.0,114,39,20.0,3.96,4,1
54440873,48,1,1,0,2,1,7,3,2,187.0,323,157,74.4,24.58,9,1
54440891,60,1,2,0,1,1,1,6,2,28.0,96,31,22.8,3.97,4,1
54440922,60,1,2,0,2,1,7,4,3,11.0,42,19,9.0,1.86,1,1
54440982,37,2,2,2,0,1,1,5,6,9.0,40,14,3.8,1.35,1,1
54440983,37,2,2,2,0,1,1,5,6,9.0,40,14,3.8,1.35,1,1
54440987,50,1,1,0,4,1,1,4,4,57.5,171,81,40.0,10.5,5,0
54441060,56,2,1,0,0,1,7,3,3,24.0,94,40,29.0,3.93,0,1
54441126,45,2,2,1,3,1,9,5,4,11.0,91,14,7.6,1.42,1,1
54441126,45,2,2,1,3,1,4,5,4,10.0,38,14,7.6,1.46,0,1
54441127,44,1,2,1,3,1,1,5,3,59.5,205,71,37.8,9.57,4,1
54441132,31,1,1,0,1,1,1,2,3,11.0,78,19,7.6,1.92,0,1
54441132,31,1,1,0,1,1,1,2,3,11.0,115,19,9.4,1.92,1,1
54540006,25,1,2,0,3,2,1,6,5,12.0,95,24,14.8,2.69,4,0
54540006,25,1,2,0,3,2,10,6,5,5.5,107,8,9.4,0.77,3,1
54540010,64,2,2,0,2,1,4,3,3,48.8,161,57,24.4,7.04,5,1
54540027,62,1,1,0,2,1,1,6,8,73.0,108,93,36.2,11.12,0,0
54540059,53,1,1,0,0,1,1,6,3,33.0,81,31,21.4,4.54,2,1
54540098,42,2,1,0,1,1,1,4,7,23.0,68,32,11.0,3.57,4,1
54540135,55,1,2,0,3,1,10,6,3,153.0,484,181,80.6,22.99,9,1
54540136,48,2,2,0,3,1,6,6,3,49.0,127,64,23.6,7.59,3,1
54540145,73,1,1,0,0,1,10,5,7,49.0,171,70,33.8,7.21,5,0
54540164,64,2,1,0,2,1,3,3,3,77.0,176,64,32.0,11.26,6,1
54540180,25,1,3,0,3,1,1,6,3,29.0,104,40,11.2,4.59,2,1
54540184,77,1,2,0,1,1,10,4,3,40.0,104,51,22.0,6.1,3,1
54540243,64,1,2,0,0,1,1,4,4,23.0,66,28,11.0,3.51,2,1
54540243,64,1,2,0,0,1,9,4,4,167.0,216,110,60.6,21.55,3,1
54540243,64,1,2,0,0,1,4,4,4,14.0,46,25,5.6,2.41,0,1
54540269,77,1,1,0,0,1,4,4,6,17.0,111,26,7.6,2.82,0,1
54540269,77,1,1,0,0,1,7,4,6,1.1,33,1,2.8,0.23,0,2
54540270,75,2,1,0,0,1,4,4,3,9.0,111,13,7.6,1.58,0,1
54540399,52,2,2,1,0,1,1,5,3,55.5,144,74,33.4,9.14,2,0
54540426,47,2,2,0,4,1,1,6,3,7.0,43,10,7.6,1.23,0,1
54540426,47,2,2,0,4,1,7,6,3,29.5,126,42,17.0,4.26,1,1
54540452,52,2,4,0,2,1,1,6,3,14.0,90,25,14.4,2.55,2,1
54540466,64,1,2,0,2,1,1,6,7,97.0,314,113,33.0,13.87,6,1
54540581,56,2,2,0,2,1,7,6,6,7.5,25,11,3.8,1.16,0,1
54540632,31,1,1,0,2,1,1,4,6,65.0,120,64,22.0,9.0,2,1
54540663,26,1,1,1,1,1,1,5,7,24.0,72,40,11.2,3.87,1,0
54540683,54,1,1,1,2,1,1,6,3,27.0,63,31,12.8,4.3,0,0
54540713,44,2,1,0,7,1,8,6,4,9.5,59,16,7.6,1.66,0,1
54540713,44,2,1,0,7,1,1,6,4,8.9,68,15,7.6,1.75,0,1
54540714,47,1,1,0,7,1,1,6,3,0.3,114,0,0.0,0.13,0,2
54540714,47,1,1,0,7,1,1,6,3,0.3,114,0,0.0,0.13,0,2
54540811,36,2,2,1,4,1,2,5,3,13.0,90,24,9.4,2.35,1,1
54540811,36,2,2,1,4,1,1,5,3,13.0,97,24,11.2,2.35,2,1
54540811,36,2,2,1,4,1,4,5,3,2.0,47,4,4.4,0.49,0,2
54540812,45,1,2,1,4,1,1,5,3,31.5,110,51,14.0,5.17,1,1
54540812,45,1,2,1,4,1,7,5,3,2.4,54,4,5.6,0.44,2,2
54540853,55,1,2,1,3,1,1,4,3,58.0,164,60,26.0,8.2,7,1
54540858,66,1,2,0,2,1,7,5,4,23.0,105,38,11.2,3.75,1,1
54540888,65,1,2,0,1,1,2,4,3,14.0,77,21,13.8,2.18,1,1
54540917,45,2,1,0,5,1,1,4,5,57.0,193,74,40.4,9.47,6,2
54540918,50,1,1,0,5,2,1,4,5,3.2,37,6,4.4,0.56,0,2
54540918,50,1,1,0,5,2,4,4,5,9.0,47,16,7.6,1.39,0,2
54540965,54,1,3,0,3,1,7,6,7,218.0,235,153,84.8,28.83,5,0
54540966,54,1,3,0,3,1,4,6,7,244.0,56,179,7.6,31.94,0,1
54540989,19,1,2,1,2,3,3,1,2,27.0,61,31,11.6,4.37,2,0
54541011,56,2,0,0,3,3,4,2,4,18.0,46,28,11.2,2.79,0,0
54541019,56,1,2,0,3,1,1,5,7,78.0,226,106,47.6,13.21,7,1
54541020,50,2,2,0,3,1,4,5,6,0.5,5,1,0.0,0.09,0,2
54541020,50,2,2,0,3,1,1,5,6,0.8,17,1,2.2,0.14,0,2
54541039,40,1,2,0,5,1,1,6,7,38.0,152,51,31.2,6.56,5,1
54541041,36,1,1,1,0,1,1,3,3,13.6,81,21,11.2,2.11,2,1
54541041,36,1,1,1,0,1,10,3,3,28.0,66,31,11.6,4.27,2,1
54541081,70,2,1,0,1,1,10,2,3,345.0,329,269,141.4,46.67,3,0
54544037,61,1,2,0,1,1,10,6,4,84.0,160,112,48.6,14.93,3,1
56080019,73,1,1,0,2,1,7,5,7,41.0,156,55,16.8,5.59,3,1
56080029,49,2,4,1,4,1,4,6,6,26.2,134,40,16.4,4.2,2,1
56080065,49,2,2,0,2,1,7,5,6,46.5,166,69,24.2,6.99,2,1
56080075,58,1,2,2,3,1,9,4,3,70.5,147,81,35.0,10.65,3,0
56080089,37,1,2,0,4,1,1,4,3,36.5,143,51,27.4,5.33,5,1
56080090,36,2,2,0,4,1,1,4,6,71.0,201,69,35.4,9.54,8,1
56080105,60,2,1,0,2,2,1,4,4,21.0,54,37,11.2,3.73,0,0
56080129,37,1,0,0,6,2,1,4,5,0.6,0,0,0.0,0.2,0,1
56080176,31,1,2,0,2,1,1,6,6,4.0,26,5,2.8,0.57,0,1
56080315,45,2,2,0,4,1,1,6,3,7.5,61,9,6.8,1.02,0,1
56080315,45,2,2,0,4,1,4,6,3,7.0,52,8,11.4,0.92,1,1
56080316,50,1,2,0,4,1,1,6,5,131.0,234,100,67.9,17.12,7,1
56080325,61,2,2,0,0,1,1,3,3,5.0,32,7,3.8,0.76,0,1
56080325,61,2,2,0,0,1,4,3,3,14.0,60,23,9.4,2.34,0,1
56080623,47,2,5,0,5,1,1,6,7,17.0,59,22,5.6,2.22,2,1
56080781,47,2,1,0,0,1,3,3,6,71.0,149,69,31.6,10.16,4,1
56080782,47,2,1,0,0,1,3,3,6,77.0,196,73,35.6,10.68,8,1
56080828,62,1,2,0,2,1,1,4,3,22.0,176,42,40.6,4.04,3,1
56080897,48,1,1,0,4,1,8,4,3,7.0,71,12,6.8,1.32,1,1
56080897,48,1,1,0,4,1,4,4,3,10.0,37,16,7.6,1.59,0,1
56080898,48,2,1,0,4,1,1,4,4,20.0,106,30,46.8,3.08,3,1
56080898,48,2,1,0,4,1,8,4,4,8.0,54,10,7.6,1.26,1,1
70130105,45,1,2,0,5,1,1,3,3,31.5,83,32,15.2,4.47,2,0
70130149,53,2,2,1,6,1,1,5,3,14.5,59,22,17.4,2.32,0,0
70130275,41,1,0,0,1,3,11,4,8,98.0,129,57,35.2,12.37,2,0
70130293,35,2,1,0,3,1,10,3,4,2.6,32,4,6.0,0.7,0,1
70130294,42,1,1,0,3,1,7,3,6,15.3,283,22,80.2,2.25,3,1
70130349,44,2,1,0,7,1,1,4,6,2.6,32,6,6.0,0.69,0,2
70130349,44,2,1,0,7,1,4,4,6,20.0,60,24,9.6,2.94,0,0
70130349,44,2,1,0,7,1,4,4,6,4.0,32,6,6.0,0.8,0,2
70130388,52,1,1,0,1,1,1,5,6,13.5,52,17,7.0,2.11,0,0
70130402,75,1,1,0,2,1,10,4,6,4.5,32,6,6.4,0.75,0,2
70130414,46,2,2,1,4,1,7,4,3,6.5,21,9,2.2,0.97,0,0
70130414,46,2,2,1,4,1,1,4,3,1.9,23,4,0.0,0.43,0,2
70130414,46,2,2,1,4,1,7,4,3,34.0,73,45,18.0,4.79,2,1
70130507,74,1,1,1,3,1,9,3,7,24.0,78,22,13.0,3.3,1,1
70130508,72,2,1,1,3,1,5,3,5,0.7,7,1,0.0,0.16,0,2
70130508,72,2,1,1,3,1,4,3,5,1.2,36,2,3.0,0.29,0,2
70130633,72,1,1,0,1,1,11,3,6,229.2,193,175,77.4,31.31,1,0
70130662,41,2,2,1,1,1,1,4,3,55.0,139,38,16.6,7.08,3,1
70130662,41,2,2,1,1,1,1,4,3,55.0,155,38,25.6,7.08,3,1
70130666,18,2,2,0,4,3,1,5,3,1.0,11,1,3.0,0.17,0,0
70130666,18,2,2,0,4,3,3,5,3,6.5,28,9,4.8,0.97,1,0
70130723,55,1,1,0,2,1,1,4,3,9.9,59,14,7.8,1.81,1,1
70130765,40,1,0,0,1,2,1,6,7,159.0,194,113,54.6,21.22,3,0
70130766,31,2,0,0,1,2,10,6,7,244.0,284,180,82.8,33.0,4,0
70130777,39,2,1,0,6,1,4,5,3,1.6,25,2,4.4,0.32,0,2
70130777,39,2,1,0,6,1,9,5,3,24.0,85,24,9.6,3.53,2,1
70130778,45,1,1,0,6,1,1,5,6,2.6,20,6,0.0,0.69,0,1
70130778,45,1,1,0,6,1,1,5,6,2.6,20,6,0.0,0.69,0,2
70130778,45,1,1,0,6,1,4,5,6,19.0,53,14,9.6,2.49,0,1
70130787,61,1,1,0,3,1,9,4,8,0.9,12,1,3.0,0.17,0,1
70130792,66,1,1,0,2,1,4,3,3,1.6,30,2,6.0,0.34,0,2
70130805,58,2,1,1,6,2,1,3,3,8.0,32,13,4.8,1.32,0,0
70130807,40,1,2,2,6,1,11,5,6,1.6,16,3,3.0,0.42,0,2
70130807,40,1,2,2,6,1,1,5,6,1.2,12,2,0.0,0.49,0,1
70130807,40,1,2,2,6,1,1,5,6,1.2,20,2,0.0,0.49,0,2
70130808,34,2,2,1,6,1,1,5,3,100.7,186,78,35.6,13.51,2,1
70130813,57,1,1,0,4,1,1,3,3,4.8,32,8,3.4,0.89,0,1
70130835,33,1,2,0,2,1,1,5,4,17.7,71,19,9.6,2.55,0,1
70130867,20,1,2,0,4,1,1,1,3,1.6,25,2,6.0,0.36,0,0
70130867,20,1,2,0,4,1,3,1,3,92.0,124,62,32.8,12.44,3,0
70130868,18,2,2,0,4,3,1,1,3,27.0,68,35,18.0,3.85,0,0
70130905,44,1,1,0,1,1,1,6,8,23.0,96,22,23.6,3.7,4,1
70130905,44,1,1,0,1,1,1,6,8,23.0,90,22,23.6,3.7,4,1
70130947,49,1,1,0,5,2,1,5,7,19.1,70,21,14.2,2.81,0,0
70130947,49,1,1,0,5,2,1,5,7,24.0,74,23,13.4,3.34,1,2
70130951,68,1,1,1,4,1,9,4,6,10.0,39,14,7.0,1.58,0,1
70130952,68,1,1,1,4,1,9,4,6,29.0,83,38,25.8,4.16,1,1
70130969,40,2,1,0,4,1,10,6,3,7.5,27,12,4.8,1.25,0,0
70130969,40,2,1,0,4,1,4,6,3,7.5,30,12,8.6,1.25,0,1
70130969,40,2,1,0,4,1,4,6,3,125.0,170,81,44.0,16.57,4,0
70130998,23,1,1,0,4,2,3,5,5,262.0,251,166,91.6,34.43,4,0
70131013,35,1,2,0,5,1,1,5,4,92.0,451,57,33.8,12.09,2,1
70131063,59,1,1,0,3,1,4,4,4,7.5,27,11,4.8,1.13,0,0
70131064,59,1,1,0,3,1,1,4,4,14.0,48,22,9.6,2.24,0,0
70140005,35,1,0,0,4,2,3,1,3,114.0,156,72,42.4,14.99,2,0
70140006,67,2,2,0,0,1,4,2,3,14.0,36,14,9.0,1.96,0,1
70140010,61,2,1,0,1,1,11,3,2,14.0,43,16,9.0,1.96,0,0
70140027,41,2,1,0,5,1,1,1,3,31.0,76,23,17.6,3.97,1,1
70140027,41,2,1,0,5,1,1,1,3,17.0,67,22,18.8,2.38,1,1
70140059,59,1,2,0,2,1,1,6,6,30.0,96,32,19.2,4.34,2,1
70140060,59,1,2,0,2,1,9,6,6,13.0,50,18,9.6,1.89,0,1
70140078,47,2,2,0,7,1,1,4,4,22.0,65,30,32.8,3.21,1,0
70140103,36,2,1,1,5,2,9,4,3,5.3,26,6,6.0,0.86,0,2
70140103,36,2,1,1,5,2,9,4,3,27.0,115,29,24.2,4.06,1,1
70140136,19,2,2,0,5,1,3,5,5,28.0,64,28,21.6,3.91,0,0
70140141,61,1,1,0,2,1,2,5,8,312.0,365,171,106.0,41.08,4,0
70140142,51,2,1,0,2,1,4,3,6,29.0,81,31,21.6,4.2,0,0
70140237,60,2,1,1,0,1,1,2,3,30.0,71,32,26.8,4.34,0,1
70140247,64,2,2,0,0,1,4,4,3,15.0,44,18,10.8,2.34,1,0
70140248,66,1,2,0,0,1,4,4,5,15.0,44,18,10.8,2.34,1,0
70140281,44,1,2,0,2,1,1,6,6,145.0,180,102,53.0,19.53,3,1
70140294,47,1,1,0,3,1,1,3,3,16.0,41,22,8.0,2.52,1,1
70140295,40,1,1,0,4,1,1,4,6,36.0,65,38,39.2,4.99,1,0
70140295,40,1,1,0,4,1,1,4,6,36.0,81,38,39.2,4.99,0,0
70140357,54,2,1,0,0,1,11,2,4,396.0,364,255,133.8,52.1,8,0
70640218,61,2,1,0,0,3,4,6,3,12.0,62,24,4.8,2.52,0,0
70740007,48,2,1,0,6,2,1,2,4,108.0,107,124,27.6,14.44,2,0
70740029,76,1,2,0,0,1,8,2,4,9.0,42,13,6.8,1.5,0,1
70740079,31,2,1,0,2,1,6,2,3,9.5,30,16,6.2,1.72,0,1
70740120,37,2,1,0,1,1,1,3,3,12.0,40,20,3.4,2.05,0,1
70740127,39,2,1,0,2,2,10,4,6,1.4,4,2,0.0,0.37,0,1
70740128,39,2,1,0,2,2,8,4,4,17.3,115,30,14.0,3.24,0,1
70740134,39,2,1,0,3,1,4,3,3,14.5,75,22,9.6,2.87,0,1
70740135,39,2,1,0,4,2,8,4,4,54.5,179,56,22.8,8.05,3,1
70740171,52,2,2,0,4,2,4,6,6,13.0,92,24,8.8,2.54,0,1
70740172,54,1,2,0,7,1,1,6,7,14.0,54,29,10.4,2.65,1,0
70740186,67,1,1,0,0,1,4,1,3,8.0,33,13,5.6,1.39,1,1
70740215,40,1,1,0,4,1,1,4,3,15.0,57,24,12.4,2.71,2,1
70740215,40,1,1,0,4,1,1,4,3,15.0,63,24,12.4,2.71,2,1
70740257,54,2,1,1,2,2,7,3,3,1.0,10,1,0.0,0.19,0,2
70740257,54,2,1,1,2,2,6,3,3,32.0,75,29,17.2,4.59,1,1
70740266,66,2,1,0,0,1,4,3,6,418.0,279,494,65.6,55.6,4,1
70740299,62,1,1,0,1,1,1,4,3,12.0,40,21,12.4,2.35,0,0
70740299,62,1,1,0,1,1,1,4,3,12.0,44,21,12.4,2.35,0,0
70740427,66,1,1,0,3,1,6,3,6,29.0,126,47,20.6,4.96,3,1
80630371,50,1,2,1,4,1,1,4,3,6.5,57,10,3.0,1.09,0,1
80630371,50,1,2,1,4,1,9,4,3,7.5,77,12,3.0,1.18,0,1
90300005,55,1,1,0,1,1,1,4,4,7.5,57,11,4.4,1.2,1,2
90300011,57,1,2,0,2,1,1,5,3,31.5,99,39,12.0,5.09,0,0
90300012,57,1,2,0,2,1,1,5,3,31.0,103,38,12.0,5.04,1,0
90300013,62,2,1,0,3,1,7,3,2,5.5,36,12,3.0,1.2,1,0
90300114,54,1,2,1,4,1,1,6,6,35.0,111,27,8.4,4.54,2,1
90300114,54,1,2,1,4,1,4,6,6,12.0,85,19,72.0,1.93,1,1
90300157,73,1,2,0,2,1,7,3,2,6.7,96,30,123.0,1.2,2,1
90300158,74,2,2,0,2,1,7,3,2,17.0,101,27,82.0,2.98,2,1
90300161,64,1,1,1,2,1,7,3,3,50.5,134,36,23.6,6.61,3,1
90300309,35,1,1,0,3,1,1,3,6,18.5,91,20,6.0,3.02,0,0
90300331,67,1,2,0,2,1,1,4,3,17.8,106,21,12.0,3.02,0,1
90300336,40,1,0,0,1,3,1,3,3,4.8,68,8,172.0,1.49,0,2
90300336,40,1,0,0,1,3,11,3,3,11.5,84,16,46.0,1.72,0,1
90300344,63,2,1,0,0,1,1,3,6,35.0,137,43,8.4,5.16,1,1
90300344,63,2,1,0,0,1,9,3,6,24.0,155,35,6.0,4.0,1,1
90300345,51,1,1,1,5,2,1,5,6,17.0,70,23,6.0,2.97,0,2
90300346,51,1,1,1,5,2,1,5,6,17.0,69,23,6.0,2.97,2,1
90300367,60,2,1,0,1,1,1,4,2,25.0,177,34,9.0,4.23,1,1
90300375,48,1,2,0,4,1,1,6,4,12.0,58,19,4.4,2.18,1,0
90300385,23,2,2,1,2,1,1,5,3,519.0,562,338,171.0,67.65,10,1
90300423,79,1,1,0,2,1,4,5,3,5.5,36,13,3.0,1.35,1,1
90300470,42,1,1,1,4,1,1,5,6,10.5,86,23,7.4,2.36,2,1
90300470,42,1,1,1,4,1,2,5,6,29.5,185,53,49.0,5.47,3,1
90300496,39,2,1,1,4,2,3,5,6,10.0,61,24,86.0,2.61,0,1
90300496,39,2,1,1,4,2,10,5,6,17.0,97,32,46.0,3.31,3,1
90300557,80,1,1,0,0,1,4,3,3,15.0,58,18,6.0,2.35,1,0
90300557,80,1,1,0,0,1,9,3,3,19.0,150,28,12.6,2.81,3,1
90300827,59,1,2,0,0,1,8,6,6,9.5,45,13,7.4,1.62,0,1
90300827,59,1,2,0,0,1,1,6,6,236.5,268,163,70.4,31.33,7,1
90300837,57,2,2,0,2,1,1,6,4,12.0,88,19,4.4,2.08,2,1
90300838,58,1,2,0,2,1,1,6,6,55.6,207,45,17.0,7.87,3,1
90300909,41,2,2,0,2,1,9,6,7,2.0,19,4,4.4,0.46,0,2
90300909,41,2,2,0,2,1,1,6,7,39.0,130,35,10.6,5.26,4,1
90300910,41,2,2,0,2,1,9,6,7,1.9,19,4,4.4,0.43,0,2
90301009,60,1,2,1,4,1,4,6,6,4.5,12,6,3.0,0.66,1,1
90301035,66,1,1,0,1,1,4,3,8,2.9,33,5,4.4,0.57,0,1
90301035,66,1,1,0,1,1,7,3,8,17.5,92,25,4.4,3.02,0,1
90301060,67,2,1,0,0,1,9,2,3,10.0,25,17,2.2,1.69,0,1
90301084,67,1,2,0,2,1,2,4,3,35.0,115,48,12.8,5.67,2,0
90301125,76,2,1,0,0,1,1,4,4,8.5,35,11,4.4,1.43,1,0
90301125,76,2,1,0,0,1,1,4,4,9.5,40,13,2.2,1.59,0,0
90301139,54,1,2,0,3,1,1,4,3,102.0,144,78,31.2,13.44,4,1
90302015,20,2,1,0,2,3,1,5,3,9.0,32,12,3.0,1.36,1,0
90302017,19,1,1,0,2,2,1,5,3,4.0,20,7,3.0,0.7,0,0
90320178,36,1,1,0,5,1,2,4,4,404.0,382,262,138.0,52.06,4,0
90320178,36,1,1,0,5,1,9,4,4,0.7,21,0,6.0,0.16,0,2
90320350,67,1,2,1,2,1,1,1,7,221.5,264,161,73.0,29.69,1,0
90320388,34,1,2,0,2,1,1,6,6,45.0,107,45,12.8,6.29,2,1
90320388,34,1,2,0,2,1,11,6,6,1.2,17,2,3.0,0.23,0,1
90320388,34,1,2,0,2,1,11,6,6,1.2,15,2,3.0,0.23,0,1
90320388,34,1,2,0,2,1,1,6,6,45.0,123,45,12.8,6.29,3,1
90320560,52,1,1,0,5,1,9,4,4,13.0,49,26,6.0,2.58,0,1
90320560,52,1,1,0,5,1,1,4,4,14.0,75,30,6.0,2.84,1,0
90320623,47,2,1,0,2,1,2,2,3,17.0,55,24,4.2,2.71,1,0
90320643,57,2,1,0,1,1,4,3,3,12.5,54,26,6.0,2.58,2,0
90320647,52,2,1,1,3,2,3,5,3,3.6,9,5,3.0,0.69,0,2
90320647,52,2,1,1,3,2,10,5,3,10.5,76,18,51.8,1.82,1,0
90320660,65,1,3,0,0,1,10,6,3,24.4,99,32,61.8,4.03,1,1
90320676,22,1,1,0,4,2,4,6,5,119.0,198,90,27.6,16.06,3,0
90320677,59,1,1,0,4,1,1,6,7,12.0,55,25,6.0,2.49,0,0
90320677,59,1,1,0,4,1,1,6,7,12.0,55,25,6.0,2.49,0,0
90320680,67,2,1,0,1,1,11,5,7,12.0,52,28,6.0,2.41,1,0
90320680,67,2,1,0,1,1,2,5,7,10.5,56,18,6.0,1.81,0,0
90320692,20,2,2,0,2,2,1,6,2,17.6,116,38,14.2,3.63,1,0
90320693,55,1,2,0,3,1,1,6,4,12.5,57,25,6.0,2.45,9,0
90320693,55,1,2,0,3,1,1,6,4,12.5,54,25,6.0,2.45,0,0
90320700,42,2,1,0,1,1,1,4,4,9.5,28,16,3.0,1.68,2,0
90320713,31,2,1,0,1,1,1,3,6,46.0,190,48,12.8,6.26,4,1
90320760,72,1,0,0,0,3,7,4,3,344.0,508,303,113.4,44.95,4,0
90320770,19,2,1,0,3,3,1,4,3,12.0,55,25,6.0,2.25,1,0
90320828,73,2,0,0,0,3,4,1,3,13.0,50,27,6.0,2.58,0,0
90320844,74,2,2,0,6,3,3,3,6,6.5,25,15,3.0,1.26,0,0
90320845,74,1,2,0,6,1,7,3,6,10.0,42,17,3.0,1.75,1,1
90320850,67,1,1,0,1,1,4,5,7,11.5,54,24,6.0,2.38,2,2
90321063,46,1,1,1,0,1,1,3,6,12.0,50,24,6.0,2.42,1,0
90321110,58,1,1,0,4,1,2,6,8,408.0,337,260,136.8,53.04,3,0
90321111,58,2,1,0,4,1,1,6,7,5.3,57,10,6.0,1.0,1,1
90321290,35,1,1,2,1,1,11,3,3,22.5,96,33,9.0,3.67,4,1
90321290,35,1,1,2,1,1,10,3,3,9.5,204,15,66.6,1.72,4,1
90321321,49,2,1,0,4,1,8,6,7,11.0,60,20,6.0,1.98,1,1
90321321,49,2,1,0,4,1,4,6,7,2.4,4,2,0.0,0.46,0,2
90321322,50,1,1,0,4,1,1,6,8,13.0,57,28,6.0,2.72,2,0
90321322,50,1,1,0,4,1,7,6,8,14.0,90,28,6.0,2.89,2,1
90321326,45,2,0,0,3,3,4,3,6,14.1,78,30,8.2,3.11,0,0
92460049,19,2,1,2,4,3,3,5,2,15.0,37,20,8.4,2.24,0,0
92460083,40,2,1,0,9,1,11,2,4,12.0,258,17,7.2,2.02,3,1
92460117,40,2,2,1,4,1,9,5,3,65.5,218,50,7.2,8.48,4,1
92460119,46,2,1,2,6,1,7,4,7,25.0,113,33,10.4,3.4,2,1
92460119,46,2,1,2,6,1,8,4,7,16.0,48,15,8.4,2.11,1,1
92460121,48,1,6,2,6,1,1,5,6,62.5,179,61,31.0,47.23,3,1
92460123,43,1,1,0,6,1,1,5,6,39.0,101,32,10.6,5.04,2,0
92460171,64,1,1,0,2,1,1,3,3,0.4,0,0,0.0,0.11,0,2
92460171,64,1,1,0,2,1,8,3,3,22.0,145,28,8.4,3.01,2,1
92460172,58,2,1,0,2,1,4,3,3,16.5,92,24,8.4,2.57,1,1
92460172,58,2,1,0,2,1,1,3,3,0.4,0,0,0.0,0.11,0,2
92460172,58,2,1,0,2,1,9,3,3,9.1,57,15,7.2,1.59,0,1
92460263,36,2,2,3,6,1,8,3,5,6.0,30,9,4.2,1.0,0,1
92460281,39,2,2,0,2,1,9,4,4,17.0,147,26,15.4,2.74,4,1
92460281,39,2,2,0,2,1,3,4,4,49.0,175,45,12.8,6.76,4,1
92460282,46,1,2,0,2,1,1,4,4,51.0,148,48,12.8,7.42,4,1
92460355,21,2,4,1,4,1,1,6,3,35.0,163,34,16.8,4.69,4,1
92460355,21,2,4,1,4,1,9,6,3,11.0,119,14,11.4,1.81,1,1
92460361,38,2,1,1,4,2,8,3,6,236.9,150,184,17.4,32.83,1,1
92460438,43,2,2,0,4,1,1,1,4,15.5,150,24,8.4,2.57,1,1
92460449,67,1,1,1,5,1,1,4,3,36.0,112,27,10.6,4.69,3,1
92460449,67,1,1,1,5,1,1,4,3,36.0,121,27,10.6,4.69,4,1
92460601,31,2,2,0,2,1,11,4,4,2.8,19,3,3.0,0.79,0,1
92460602,32,1,2,0,3,1,9,4,4,2.3,22,3,3.0,0.85,0,1
92460612,43,1,3,4,12,1,1,4,3,58.0,224,54,33.6,8.05,4,1
92460615,18,2,2,1,7,3,1,4,3,52.0,228,70,20.8,7.27,7,0
92460616,17,1,2,1,7,3,3,4,1,20.0,149,28,8.4,2.79,4,0
92460638,60,2,1,0,2,1,4,4,3,7.0,31,8,8.4,0.86,0,1
92460717,75,1,1,0,2,1,2,2,2,12.0,86,16,4.2,1.72,4,1
92460719,37,1,2,1,3,1,1,6,3,48.0,115,41,12.8,6.71,4,1
92460779,56,2,1,0,2,1,7,3,2,13.0,65,18,16.8,1.89,0,0
92460819,69,2,1,0,1,1,7,1,2,15.5,236,20,8.4,2.18,7,1
92460819,69,2,1,0,1,1,10,1,2,22.5,155,27,15.4,3.4,3,1
95240035,49,1,3,0,3,1,1,4,3,38.0,59,31,22.6,5.13,2,1
95240036,49,2,3,0,3,1,1,1,3,5.0,27,7,4.2,0.7,0,1
95240129,62,2,1,0,2,1,1,3,4,58.0,275,71,36.6,9.1,3,1
95240137,47,2,3,2,3,1,1,3,3,5.5,35,7,4.2,1.06,1,1
95240138,44,1,4,2,2,3,1,3,3,5.5,42,7,4.2,0.8,0,1
95240219,55,1,2,0,2,1,1,4,4,127.0,194,97,60.2,16.85,4,0
95240220,55,1,2,0,2,1,1,4,4,130.0,194,109,60.2,17.71,4,0
95240253,62,2,1,0,1,1,1,4,3,4.5,45,6,4.2,0.62,1,1
95240283,49,1,1,2,4,1,1,3,3,20.0,88,30,8.4,2.92,3,0
95240293,30,2,1,0,3,1,4,3,6,11.5,64,17,8.4,1.79,0,1
95240294,30,2,1,0,3,1,10,3,6,112.0,315,138,43.6,16.28,6,1
95240296,35,2,1,0,4,2,9,3,4,16.0,58,20,6.4,2.18,2,1
95240328,66,1,1,1,2,1,7,5,4,367.0,304,233,137.6,47.42,4,0
95240344,27,1,1,0,2,1,1,3,3,12.0,72,16,6.0,1.75,1,1
95240344,27,1,1,0,2,1,8,3,3,52.0,138,69,25.2,6.95,2,1
95240363,27,1,1,0,2,2,1,5,7,93.0,213,76,20.8,11.97,4,0
95240420,40,2,1,0,4,1,1,2,3,53.0,114,44,16.8,7.31,4,0
95240420,40,2,1,0,4,1,8,2,3,311.0,287,198,110.2,40.02,2,0
95240423,25,2,1,0,4,1,4,4,6,39.0,176,41,20.0,5.26,5,1
95240423,25,2,1,0,4,1,1,4,6,15.0,48,17,6.4,1.85,1,1
95240424,27,1,1,0,3,2,1,5,3,43.0,137,40,22.8,5.88,4,0
95240431,53,2,1,0,1,1,4,1,3,2.0,33,2,6.0,0.4,0,1
95240431,53,2,1,0,1,1,4,1,3,17.0,170,24,19.8,2.55,2,1
95240431,53,2,1,0,1,1,10,1,3,16.0,53,19,4.2,2.26,2,1
95240439,32,1,3,1,3,1,1,6,6,40.0,189,50,15.8,5.83,3,1
95240444,33,1,2,0,6,1,1,5,5,56.0,225,78,16.8,8.33,6,1
95240444,33,1,2,0,6,1,10,5,5,60.0,122,42,16.4,7.85,3,1
95240547,42,1,2,0,4,1,1,6,7,134.5,335,110,56.2,18.07,5,1
95240585,73,1,1,0,0,1,7,2,3,204.0,354,119,52.2,27.0,8,0
95240586,71,2,1,0,0,3,7,2,2,211.0,290,129,58.4,26.94,10,0
95240643,66,2,1,0,1,1,8,3,4,36.0,120,29,12.4,4.77,3,1
95240671,27,2,1,0,2,1,1,5,3,11.0,87,14,7.2,1.6,0,1
95240671,27,2,1,0,2,1,1,5,3,36.5,191,34,14.8,4.84,3,1
95240679,42,1,2,0,2,1,7,4,6,55.0,113,58,14.4,7.11,3,1
95240835,60,2,1,0,1,1,4,2,3,6.0,26,8,4.2,1.02,0,0
95240891,70,1,2,0,2,1,4,5,3,1.7,19,4,0.0,0.52,0,1
95240987,56,2,0,0,1,3,11,2,3,13.5,50,20,9.8,2.39,0,0
95241061,71,1,1,0,2,1,10,3,3,479.0,745,388,184.8,62.08,14,0
95241108,76,1,1,0,1,1,9,5,4,102.0,231,78,29.2,13.53,5,1
96040078,48,1,2,0,3,1,1,3,3,6.0,141,10,21.2,0.95,3,0
96040108,42,2,2,0,2,1,7,6,6,11.5,115,16,8.4,1.76,2,1
96040213,60,1,2,0,1,1,1,4,3,14.0,50,20,8.4,2.09,1,1
96040214,61,2,2,0,1,1,1,4,3,11.0,25,15,4.2,1.56,0,1
96040311,80,2,1,0,1,1,4,4,4,24.0,156,28,12.8,3.17,2,1
96040355,51,1,1,0,7,1,1,6,6,43.0,118,40,10.4,6.09,3,1
96040369,54,1,2,1,2,1,1,6,4,0.9,9,2,2.2,0.2,0,1
96040370,52,2,2,1,2,1,1,6,3,30.5,117,37,25.4,4.27,2,0
96040381,19,2,5,1,4,2,3,6,5,63.0,111,46,24.0,8.23,3,0
96040382,24,1,5,1,4,1,3,6,3,18.0,41,15,4.2,2.28,1,0
96040427,49,2,2,0,2,1,1,3,7,52.0,219,70,37.4,7.42,3,1
96040433,37,2,2,0,2,1,9,4,3,12.5,84,17,6.0,1.86,0,1
96040452,18,2,2,1,4,3,3,3,2,13.5,91,19,6.0,2.03,0,0
96040496,47,2,1,4,1,1,1,6,8,29.0,106,29,12.4,3.85,2,1
96040515,65,1,2,0,2,1,11,5,3,13.0,202,19,12.6,1.95,4,1
96040531,37,2,1,1,4,1,1,2,3,42.0,148,40,10.4,5.62,4,1
96040537,46,2,2,1,1,1,8,4,3,32.0,139,43,14.4,4.56,0,1
96040537,46,2,2,1,1,1,8,4,3,9.0,71,12,6.0,1.35,0,1
96040538,49,1,2,1,1,2,11,4,3,17.5,118,24,11.4,2.54,2,1
96040538,49,1,2,1,1,2,1,4,3,20.0,140,28,12.6,3.2,3,1
